// array size is 19808
static const char compass_png[] PROGMEM  = {
  0x89, 0x50, 0x4e, 0x47, 0x0d, 0x0a, 0x1a, 0x0a, 0x00, 0x00, 0x00, 0x0d, 0x49, 0x48, 0x44, 0x52, 
  0x00, 0x00, 0x00, 0xf0, 0x00, 0x00, 0x00, 0xf0, 0x08, 0x06, 0x00, 0x00, 0x00, 0x3e, 0x55, 0xe9, 
  0x92, 0x00, 0x00, 0x00, 0x09, 0x70, 0x48, 0x59, 0x73, 0x00, 0x00, 0x0e, 0xc4, 0x00, 0x00, 0x0e, 
  0xc4, 0x01, 0x95, 0x2b, 0x0e, 0x1b, 0x00, 0x00, 0x04, 0xad, 0x69, 0x54, 0x58, 0x74, 0x58, 0x4d, 
  0x4c, 0x3a, 0x63, 0x6f, 0x6d, 0x2e, 0x61, 0x64, 0x6f, 0x62, 0x65, 0x2e, 0x78, 0x6d, 0x70, 0x00, 
  0x00, 0x00, 0x00, 0x00, 0x3c, 0x3f, 0x78, 0x70, 0x61, 0x63, 0x6b, 0x65, 0x74, 0x20, 0x62, 0x65, 
  0x67, 0x69, 0x6e, 0x3d, 0x27, 0xef, 0xbb, 0xbf, 0x27, 0x20, 0x69, 0x64, 0x3d, 0x27, 0x57, 0x35, 
  0x4d, 0x30, 0x4d, 0x70, 0x43, 0x65, 0x68, 0x69, 0x48, 0x7a, 0x72, 0x65, 0x53, 0x7a, 0x4e, 0x54, 
  0x63, 0x7a, 0x6b, 0x63, 0x39, 0x64, 0x27, 0x3f, 0x3e, 0x0a, 0x3c, 0x78, 0x3a, 0x78, 0x6d, 0x70, 
  0x6d, 0x65, 0x74, 0x61, 0x20, 0x78, 0x6d, 0x6c, 0x6e, 0x73, 0x3a, 0x78, 0x3d, 0x27, 0x61, 0x64, 
  0x6f, 0x62, 0x65, 0x3a, 0x6e, 0x73, 0x3a, 0x6d, 0x65, 0x74, 0x61, 0x2f, 0x27, 0x3e, 0x0a, 0x3c, 
  0x72, 0x64, 0x66, 0x3a, 0x52, 0x44, 0x46, 0x20, 0x78, 0x6d, 0x6c, 0x6e, 0x73, 0x3a, 0x72, 0x64, 
  0x66, 0x3d, 0x27, 0x68, 0x74, 0x74, 0x70, 0x3a, 0x2f, 0x2f, 0x77, 0x77, 0x77, 0x2e, 0x77, 0x33, 
  0x2e, 0x6f, 0x72, 0x67, 0x2f, 0x31, 0x39, 0x39, 0x39, 0x2f, 0x30, 0x32, 0x2f, 0x32, 0x32, 0x2d, 
  0x72, 0x64, 0x66, 0x2d, 0x73, 0x79, 0x6e, 0x74, 0x61, 0x78, 0x2d, 0x6e, 0x73, 0x23, 0x27, 0x3e, 
  0x0a, 0x0a, 0x20, 0x3c, 0x72, 0x64, 0x66, 0x3a, 0x44, 0x65, 0x73, 0x63, 0x72, 0x69, 0x70, 0x74, 
  0x69, 0x6f, 0x6e, 0x20, 0x72, 0x64, 0x66, 0x3a, 0x61, 0x62, 0x6f, 0x75, 0x74, 0x3d, 0x27, 0x27, 
  0x0a, 0x20, 0x20, 0x78, 0x6d, 0x6c, 0x6e, 0x73, 0x3a, 0x41, 0x74, 0x74, 0x72, 0x69, 0x62, 0x3d, 
  0x27, 0x68, 0x74, 0x74, 0x70, 0x3a, 0x2f, 0x2f, 0x6e, 0x73, 0x2e, 0x61, 0x74, 0x74, 0x72, 0x69, 
  0x62, 0x75, 0x74, 0x69, 0x6f, 0x6e, 0x2e, 0x63, 0x6f, 0x6d, 0x2f, 0x61, 0x64, 0x73, 0x2f, 0x31, 
  0x2e, 0x30, 0x2f, 0x27, 0x3e, 0x0a, 0x20, 0x20, 0x3c, 0x41, 0x74, 0x74, 0x72, 0x69, 0x62, 0x3a, 
  0x41, 0x64, 0x73, 0x3e, 0x0a, 0x20, 0x20, 0x20, 0x3c, 0x72, 0x64, 0x66, 0x3a, 0x53, 0x65, 0x71, 
  0x3e, 0x0a, 0x20, 0x20, 0x20, 0x20, 0x3c, 0x72, 0x64, 0x66, 0x3a, 0x6c, 0x69, 0x20, 0x72, 0x64, 
  0x66, 0x3a, 0x70, 0x61, 0x72, 0x73, 0x65, 0x54, 0x79, 0x70, 0x65, 0x3d, 0x27, 0x52, 0x65, 0x73, 
  0x6f, 0x75, 0x72, 0x63, 0x65, 0x27, 0x3e, 0x0a, 0x20, 0x20, 0x20, 0x20, 0x20, 0x3c, 0x41, 0x74, 
  0x74, 0x72, 0x69, 0x62, 0x3a, 0x43, 0x72, 0x65, 0x61, 0x74, 0x65, 0x64, 0x3e, 0x32, 0x30, 0x32, 
  0x34, 0x2d, 0x31, 0x31, 0x2d, 0x32, 0x38, 0x3c, 0x2f, 0x41, 0x74, 0x74, 0x72, 0x69, 0x62, 0x3a, 
  0x43, 0x72, 0x65, 0x61, 0x74, 0x65, 0x64, 0x3e, 0x0a, 0x20, 0x20, 0x20, 0x20, 0x20, 0x3c, 0x41, 
  0x74, 0x74, 0x72, 0x69, 0x62, 0x3a, 0x45, 0x78, 0x74, 0x49, 0x64, 0x3e, 0x33, 0x33, 0x37, 0x62, 
  0x38, 0x61, 0x38, 0x64, 0x2d, 0x61, 0x39, 0x66, 0x38, 0x2d, 0x34, 0x30, 0x62, 0x65, 0x2d, 0x39, 
  0x64, 0x33, 0x36, 0x2d, 0x34, 0x63, 0x64, 0x62, 0x64, 0x35, 0x34, 0x39, 0x37, 0x62, 0x61, 0x36, 
  0x3c, 0x2f, 0x41, 0x74, 0x74, 0x72, 0x69, 0x62, 0x3a, 0x45, 0x78, 0x74, 0x49, 0x64, 0x3e, 0x0a, 
  0x20, 0x20, 0x20, 0x20, 0x20, 0x3c, 0x41, 0x74, 0x74, 0x72, 0x69, 0x62, 0x3a, 0x46, 0x62, 0x49, 
  0x64, 0x3e, 0x35, 0x32, 0x35, 0x32, 0x36, 0x35, 0x39, 0x31, 0x34, 0x31, 0x37, 0x39, 0x35, 0x38, 
  0x30, 0x3c, 0x2f, 0x41, 0x74, 0x74, 0x72, 0x69, 0x62, 0x3a, 0x46, 0x62, 0x49, 0x64, 0x3e, 0x0a, 
  0x20, 0x20, 0x20, 0x20, 0x20, 0x3c, 0x41, 0x74, 0x74, 0x72, 0x69, 0x62, 0x3a, 0x54, 0x6f, 0x75, 
  0x63, 0x68, 0x54, 0x79, 0x70, 0x65, 0x3e, 0x32, 0x3c, 0x2f, 0x41, 0x74, 0x74, 0x72, 0x69, 0x62, 
  0x3a, 0x54, 0x6f, 0x75, 0x63, 0x68, 0x54, 0x79, 0x70, 0x65, 0x3e, 0x0a, 0x20, 0x20, 0x20, 0x20, 
  0x3c, 0x2f, 0x72, 0x64, 0x66, 0x3a, 0x6c, 0x69, 0x3e, 0x0a, 0x20, 0x20, 0x20, 0x3c, 0x2f, 0x72, 
  0x64, 0x66, 0x3a, 0x53, 0x65, 0x71, 0x3e, 0x0a, 0x20, 0x20, 0x3c, 0x2f, 0x41, 0x74, 0x74, 0x72, 
  0x69, 0x62, 0x3a, 0x41, 0x64, 0x73, 0x3e, 0x0a, 0x20, 0x3c, 0x2f, 0x72, 0x64, 0x66, 0x3a, 0x44, 
  0x65, 0x73, 0x63, 0x72, 0x69, 0x70, 0x74, 0x69, 0x6f, 0x6e, 0x3e, 0x0a, 0x0a, 0x20, 0x3c, 0x72, 
  0x64, 0x66, 0x3a, 0x44, 0x65, 0x73, 0x63, 0x72, 0x69, 0x70, 0x74, 0x69, 0x6f, 0x6e, 0x20, 0x72, 
  0x64, 0x66, 0x3a, 0x61, 0x62, 0x6f, 0x75, 0x74, 0x3d, 0x27, 0x27, 0x0a, 0x20, 0x20, 0x78, 0x6d, 
  0x6c, 0x6e, 0x73, 0x3a, 0x64, 0x63, 0x3d, 0x27, 0x68, 0x74, 0x74, 0x70, 0x3a, 0x2f, 0x2f, 0x70, 
  0x75, 0x72, 0x6c, 0x2e, 0x6f, 0x72, 0x67, 0x2f, 0x64, 0x63, 0x2f, 0x65, 0x6c, 0x65, 0x6d, 0x65, 
  0x6e, 0x74, 0x73, 0x2f, 0x31, 0x2e, 0x31, 0x2f, 0x27, 0x3e, 0x0a, 0x20, 0x20, 0x3c, 0x64, 0x63, 
  0x3a, 0x74, 0x69, 0x74, 0x6c, 0x65, 0x3e, 0x0a, 0x20, 0x20, 0x20, 0x3c, 0x72, 0x64, 0x66, 0x3a, 
  0x41, 0x6c, 0x74, 0x3e, 0x0a, 0x20, 0x20, 0x20, 0x20, 0x3c, 0x72, 0x64, 0x66, 0x3a, 0x6c, 0x69, 
  0x20, 0x78, 0x6d, 0x6c, 0x3a, 0x6c, 0x61, 0x6e, 0x67, 0x3d, 0x27, 0x78, 0x2d, 0x64, 0x65, 0x66, 
  0x61, 0x75, 0x6c, 0x74, 0x27, 0x3e, 0x54, 0x68, 0x69, 0xe1, 0xba, 0xbf, 0x74, 0x20, 0x6b, 0xe1, 
  0xba, 0xbf, 0x20, 0x63, 0x68, 0xc6, 0xb0, 0x61, 0x20, 0x63, 0xc3, 0xb3, 0x20, 0x74, 0xc3, 0xaa, 
  0x6e, 0x20, 0x2d, 0x20, 0x31, 0x3c, 0x2f, 0x72, 0x64, 0x66, 0x3a, 0x6c, 0x69, 0x3e, 0x0a, 0x20, 
  0x20, 0x20, 0x3c, 0x2f, 0x72, 0x64, 0x66, 0x3a, 0x41, 0x6c, 0x74, 0x3e, 0x0a, 0x20, 0x20, 0x3c, 
  0x2f, 0x64, 0x63, 0x3a, 0x74, 0x69, 0x74, 0x6c, 0x65, 0x3e, 0x0a, 0x20, 0x3c, 0x2f, 0x72, 0x64, 
  0x66, 0x3a, 0x44, 0x65, 0x73, 0x63, 0x72, 0x69, 0x70, 0x74, 0x69, 0x6f, 0x6e, 0x3e, 0x0a, 0x0a, 
  0x20, 0x3c, 0x72, 0x64, 0x66, 0x3a, 0x44, 0x65, 0x73, 0x63, 0x72, 0x69, 0x70, 0x74, 0x69, 0x6f, 
  0x6e, 0x20, 0x72, 0x64, 0x66, 0x3a, 0x61, 0x62, 0x6f, 0x75, 0x74, 0x3d, 0x27, 0x27, 0x0a, 0x20, 
  0x20, 0x78, 0x6d, 0x6c, 0x6e, 0x73, 0x3a, 0x70, 0x64, 0x66, 0x3d, 0x27, 0x68, 0x74, 0x74, 0x70, 
  0x3a, 0x2f, 0x2f, 0x6e, 0x73, 0x2e, 0x61, 0x64, 0x6f, 0x62, 0x65, 0x2e, 0x63, 0x6f, 0x6d, 0x2f, 
  0x70, 0x64, 0x66, 0x2f, 0x31, 0x2e, 0x33, 0x2f, 0x27, 0x3e, 0x0a, 0x20, 0x20, 0x3c, 0x70, 0x64, 
  0x66, 0x3a, 0x41, 0x75, 0x74, 0x68, 0x6f, 0x72, 0x3e, 0x42, 0xc3, 0x99, 0x49, 0x20, 0x54, 0x48, 
  0x41, 0x4e, 0x48, 0x20, 0x54, 0xc3, 0x9a, 0x3c, 0x2f, 0x70, 0x64, 0x66, 0x3a, 0x41, 0x75, 0x74, 
  0x68, 0x6f, 0x72, 0x3e, 0x0a, 0x20, 0x3c, 0x2f, 0x72, 0x64, 0x66, 0x3a, 0x44, 0x65, 0x73, 0x63, 
  0x72, 0x69, 0x70, 0x74, 0x69, 0x6f, 0x6e, 0x3e, 0x0a, 0x0a, 0x20, 0x3c, 0x72, 0x64, 0x66, 0x3a, 
  0x44, 0x65, 0x73, 0x63, 0x72, 0x69, 0x70, 0x74, 0x69, 0x6f, 0x6e, 0x20, 0x72, 0x64, 0x66, 0x3a, 
  0x61, 0x62, 0x6f, 0x75, 0x74, 0x3d, 0x27, 0x27, 0x0a, 0x20, 0x20, 0x78, 0x6d, 0x6c, 0x6e, 0x73, 
  0x3a, 0x78, 0x6d, 0x70, 0x3d, 0x27, 0x68, 0x74, 0x74, 0x70, 0x3a, 0x2f, 0x2f, 0x6e, 0x73, 0x2e, 
  0x61, 0x64, 0x6f, 0x62, 0x65, 0x2e, 0x63, 0x6f, 0x6d, 0x2f, 0x78, 0x61, 0x70, 0x2f, 0x31, 0x2e, 
  0x30, 0x2f, 0x27, 0x3e, 0x0a, 0x20, 0x20, 0x3c, 0x78, 0x6d, 0x70, 0x3a, 0x43, 0x72, 0x65, 0x61, 
  0x74, 0x6f, 0x72, 0x54, 0x6f, 0x6f, 0x6c, 0x3e, 0x43, 0x61, 0x6e, 0x76, 0x61, 0x20, 0x28, 0x52, 
  0x65, 0x6e, 0x64, 0x65, 0x72, 0x65, 0x72, 0x29, 0x20, 0x64, 0x6f, 0x63, 0x3d, 0x44, 0x41, 0x47, 
  0x57, 0x71, 0x58, 0x4b, 0x46, 0x57, 0x34, 0x67, 0x20, 0x75, 0x73, 0x65, 0x72, 0x3d, 0x55, 0x41, 
  0x46, 0x6b, 0x39, 0x71, 0x75, 0x72, 0x36, 0x69, 0x6b, 0x3c, 0x2f, 0x78, 0x6d, 0x70, 0x3a, 0x43, 
  0x72, 0x65, 0x61, 0x74, 0x6f, 0x72, 0x54, 0x6f, 0x6f, 0x6c, 0x3e, 0x0a, 0x20, 0x3c, 0x2f, 0x72, 
  0x64, 0x66, 0x3a, 0x44, 0x65, 0x73, 0x63, 0x72, 0x69, 0x70, 0x74, 0x69, 0x6f, 0x6e, 0x3e, 0x0a, 
  0x3c, 0x2f, 0x72, 0x64, 0x66, 0x3a, 0x52, 0x44, 0x46, 0x3e, 0x0a, 0x3c, 0x2f, 0x78, 0x3a, 0x78, 
  0x6d, 0x70, 0x6d, 0x65, 0x74, 0x61, 0x3e, 0x0a, 0x3c, 0x3f, 0x78, 0x70, 0x61, 0x63, 0x6b, 0x65, 
  0x74, 0x20, 0x65, 0x6e, 0x64, 0x3d, 0x27, 0x72, 0x27, 0x3f, 0x3e, 0x26, 0x97, 0x43, 0xe9, 0x00, 
  0x00, 0x48, 0x59, 0x49, 0x44, 0x41, 0x54, 0x78, 0x9c, 0xec, 0x9d, 0x79, 0x78, 0x54, 0xe5, 0xf9, 
  0xf7, 0x3f, 0x67, 0x99, 0x2d, 0x93, 0x95, 0x90, 0x10, 0x92, 0x00, 0x81, 0x10, 0x96, 0x00, 0x61, 
  0x55, 0x04, 0x51, 0x41, 0x10, 0x2c, 0x75, 0xd7, 0xe2, 0xf2, 0x6a, 0x2d, 0xad, 0xe2, 0x82, 0xad, 
  0x7b, 0xeb, 0x8e, 0xb8, 0xd5, 0xfa, 0x5a, 0x29, 0xa0, 0x88, 0x22, 0x5a, 0x6b, 0xfb, 0xb6, 0x3f, 
  0xab, 0xfd, 0x59, 0x29, 0x28, 0x4b, 0x59, 0x0b, 0x65, 0x13, 0x08, 0xfb, 0x1e, 0xc8, 0xbe, 0xef, 
  0xc9, 0xcc, 0x64, 0x66, 0xce, 0x79, 0xff, 0x48, 0xce, 0x61, 0x92, 0x4c, 0x26, 0x13, 0x20, 0xcb, 
  0x84, 0xf9, 0x5e, 0x57, 0x2e, 0x20, 0x9c, 0x39, 0x73, 0x96, 0xe7, 0xfb, 0xdc, 0xfb, 0x7d, 0x0b, 
  0x80, 0x4a, 0x10, 0x41, 0x04, 0x11, 0x90, 0x10, 0x3b, 0xfb, 0x02, 0x82, 0x08, 0x22, 0x88, 0xf3, 
  0x47, 0x90, 0xc0, 0x41, 0x04, 0x11, 0xc0, 0x08, 0x12, 0x38, 0x88, 0x20, 0x02, 0x18, 0x41, 0x02, 
  0x07, 0x11, 0x44, 0x00, 0x23, 0x48, 0xe0, 0x20, 0x82, 0x08, 0x60, 0x04, 0x09, 0x1c, 0x44, 0x10, 
  0x01, 0x8c, 0x20, 0x81, 0x83, 0x08, 0x22, 0x80, 0x11, 0x24, 0x70, 0x10, 0x41, 0x04, 0x30, 0x82, 
  0x04, 0x0e, 0x22, 0x88, 0x00, 0x46, 0x90, 0xc0, 0x41, 0x04, 0x11, 0xc0, 0x08, 0x12, 0x38, 0x88, 
  0x20, 0x02, 0x18, 0x41, 0x02, 0x07, 0x11, 0x44, 0x00, 0x23, 0x48, 0xe0, 0x20, 0x82, 0x08, 0x60, 
  0x04, 0x09, 0x1c, 0x44, 0x10, 0x01, 0x8c, 0x20, 0x81, 0x83, 0x08, 0x22, 0x80, 0x11, 0x24, 0x70, 
  0x10, 0x41, 0x04, 0x30, 0x82, 0x04, 0x0e, 0x22, 0x88, 0x00, 0x46, 0x90, 0xc0, 0x41, 0x04, 0x11, 
  0xc0, 0x08, 0x12, 0x38, 0x88, 0x20, 0x02, 0x18, 0x41, 0x02, 0x07, 0x11, 0x44, 0x00, 0x23, 0x48, 
  0xe0, 0x20, 0x82, 0x08, 0x60, 0x04, 0x09, 0x1c, 0x44, 0x10, 0x01, 0x8c, 0x20, 0x81, 0x83, 0x08, 
  0x22, 0x80, 0x11, 0x24, 0x70, 0x10, 0x41, 0x04, 0x30, 0x82, 0x04, 0x0e, 0x22, 0x88, 0x00, 0x46, 
  0x90, 0xc0, 0x41, 0x04, 0x11, 0xc0, 0x08, 0x12, 0x38, 0x88, 0x20, 0x02, 0x18, 0x41, 0x02, 0x07, 
  0x11, 0x44, 0x00, 0x23, 0x48, 0xe0, 0x20, 0x82, 0x08, 0x60, 0x04, 0x09, 0xdc, 0x8d, 0x21, 0x08, 
  0x02, 0x82, 0x20, 0x74, 0xf6, 0x65, 0x04, 0xd1, 0x8e, 0x90, 0x3b, 0xfb, 0x02, 0x82, 0xb8, 0xf8, 
  0x10, 0x45, 0x91, 0xbe, 0x7d, 0xfa, 0x60, 0x34, 0x1a, 0x11, 0x80, 0xf2, 0x8a, 0x0a, 0x0a, 0x0a, 
  0x0b, 0x3b, 0xfb, 0xb2, 0x82, 0x68, 0x07, 0x04, 0x09, 0xdc, 0x0d, 0x21, 0x08, 0x02, 0xc3, 0x52, 
  0x53, 0x99, 0x7c, 0xf5, 0xd5, 0xa8, 0xaa, 0xca, 0x5f, 0xfe, 0xf6, 0xb7, 0x20, 0x81, 0xbb, 0x29, 
  0x82, 0x2a, 0x74, 0x37, 0x84, 0xdb, 0xed, 0x66, 0xfb, 0xce, 0x9d, 0x94, 0x94, 0x96, 0x72, 0xf4, 
  0xd8, 0x31, 0x8e, 0x1d, 0x3f, 0xde, 0xd9, 0x97, 0x14, 0x44, 0x3b, 0x41, 0x00, 0xd4, 0xce, 0xbe, 
  0x88, 0x20, 0xda, 0x07, 0x97, 0x8f, 0x1b, 0x47, 0x49, 0x69, 0x29, 0xa7, 0x33, 0x32, 0x50, 0xd5, 
  0xe0, 0x6b, 0xee, 0x8e, 0x08, 0xaa, 0xd0, 0x01, 0x06, 0xcd, 0x29, 0xa5, 0xaa, 0x6a, 0x23, 0x27, 
  0x55, 0xd3, 0xbf, 0x1b, 0x0c, 0x06, 0x0a, 0x8b, 0x8b, 0x01, 0xb0, 0x5a, 0xad, 0xd8, 0xed, 0x76, 
  0xfd, 0x1c, 0xaa, 0xaa, 0xea, 0x3f, 0x9e, 0xbf, 0x13, 0x04, 0x21, 0x48, 0xf4, 0x00, 0x43, 0x90, 
  0xc0, 0x01, 0x00, 0x41, 0x10, 0x90, 0x24, 0x09, 0xa3, 0xd1, 0xc8, 0xb8, 0x71, 0xe3, 0x88, 0x8e, 
  0x8e, 0x66, 0xcf, 0x9e, 0x3d, 0x14, 0x17, 0x17, 0x37, 0xf2, 0x32, 0x7b, 0xfe, 0x3d, 0x2d, 0x2d, 
  0x8d, 0xdf, 0xff, 0xfe, 0xf7, 0x84, 0x86, 0x86, 0xf2, 0xf4, 0xd3, 0x4f, 0xf3, 0x9f, 0xff, 0xfc, 
  0x07, 0x51, 0xac, 0xb7, 0x98, 0x9a, 0x12, 0x57, 0x23, 0x6f, 0x6a, 0x6a, 0x2a, 0xb9, 0xb9, 0xb9, 
  0x14, 0x14, 0x14, 0xe0, 0x76, 0xbb, 0x83, 0x64, 0x0e, 0x00, 0x04, 0x6d, 0xe0, 0x2e, 0x06, 0x41, 
  0x10, 0x10, 0x45, 0x11, 0x59, 0x96, 0x31, 0x99, 0x4c, 0x58, 0x2c, 0x16, 0x42, 0x42, 0x42, 0xb0, 
  0x58, 0x2c, 0x44, 0x45, 0x45, 0xf1, 0xda, 0x6b, 0xaf, 0xb1, 0x6c, 0xd9, 0x32, 0x26, 0x4f, 0x9e, 
  0xac, 0x1f, 0xef, 0x2d, 0x5c, 0x64, 0x36, 0x9b, 0x19, 0x38, 0x70, 0x20, 0x43, 0x86, 0x0c, 0xc1, 
  0x6a, 0xb5, 0x36, 0x22, 0xa3, 0xe7, 0x67, 0xb4, 0xef, 0x8a, 0x8a, 0x8a, 0xe2, 0xbd, 0xf7, 0xde, 
  0x63, 0xf3, 0xe6, 0xcd, 0x4c, 0x9b, 0x36, 0x0d, 0x93, 0xc9, 0x44, 0x48, 0x48, 0x08, 0x26, 0x93, 
  0x09, 0x59, 0x96, 0x11, 0x45, 0x31, 0x18, 0x92, 0xea, 0x82, 0x08, 0x4a, 0xe0, 0x4e, 0x86, 0xa6, 
  0xee, 0x8a, 0xa2, 0x88, 0xaa, 0xaa, 0x48, 0x92, 0xe4, 0x95, 0x2c, 0x82, 0x20, 0x60, 0xb7, 0xdb, 
  0xa9, 0xaa, 0xaa, 0x22, 0x32, 0x32, 0x92, 0xfe, 0xfd, 0xfb, 0xfb, 0x94, 0x90, 0x9e, 0xea, 0xb4, 
  0x3f, 0x88, 0x89, 0x89, 0xa1, 0x6f, 0xdf, 0xbe, 0xc4, 0xc4, 0xc4, 0x60, 0xb7, 0xdb, 0xf5, 0xeb, 
  0x90, 0x24, 0x49, 0xff, 0x1e, 0x45, 0x51, 0x70, 0xbb, 0xdd, 0xb8, 0x5c, 0x2e, 0xfd, 0xdf, 0x40, 
  0x50, 0x52, 0x77, 0x22, 0x82, 0x12, 0xb8, 0x93, 0x20, 0x08, 0x02, 0xb2, 0x2c, 0xd3, 0xaf, 0x5f, 
  0x3f, 0xe6, 0xcf, 0x9f, 0xcf, 0x9f, 0xff, 0xfc, 0x67, 0x12, 0x13, 0x13, 0x5b, 0x94, 0x74, 0xaa, 
  0xaa, 0xe2, 0x74, 0x3a, 0xc9, 0xcd, 0xcd, 0x45, 0x10, 0x04, 0x92, 0x92, 0x92, 0x2e, 0x9a, 0x54, 
  0x54, 0x14, 0x85, 0xde, 0xbd, 0x7b, 0x13, 0x11, 0x11, 0x41, 0x41, 0x41, 0x01, 0x79, 0x79, 0x79, 
  0xba, 0xba, 0xad, 0x5d, 0xab, 0xa7, 0x1a, 0x6f, 0x32, 0x99, 0xb8, 0xe1, 0x86, 0x1b, 0x98, 0x39, 
  0x73, 0x26, 0x91, 0x91, 0x91, 0x41, 0xc9, 0xdc, 0x89, 0x08, 0x12, 0xb8, 0x83, 0x21, 0x49, 0x92, 
  0xae, 0x9e, 0x9a, 0xcd, 0x66, 0x24, 0x49, 0xe2, 0xce, 0x3b, 0xef, 0x64, 0xe6, 0xcc, 0x99, 0x5c, 
  0x79, 0xe5, 0x95, 0x3e, 0x3f, 0xab, 0x28, 0x0a, 0xa7, 0x4f, 0x9f, 0xc6, 0xe5, 0x72, 0xd1, 0xaf, 
  0x5f, 0x3f, 0x64, 0x59, 0xbe, 0x28, 0xd2, 0x4f, 0x51, 0x14, 0x92, 0x93, 0x93, 0xb1, 0x5a, 0xad, 
  0xe4, 0xe4, 0xe4, 0x50, 0x55, 0x55, 0xe5, 0x93, 0x94, 0x66, 0xb3, 0x99, 0x67, 0x9e, 0x79, 0x86, 
  0x4f, 0x3f, 0xfd, 0x94, 0xbb, 0xef, 0xbe, 0x1b, 0x8b, 0xc5, 0x82, 0xc9, 0x64, 0x42, 0x92, 0xa4, 
  0x0b, 0xbe, 0x96, 0x20, 0xda, 0x86, 0x20, 0x81, 0x3b, 0x08, 0x06, 0x83, 0x01, 0x8b, 0xc5, 0x82, 
  0xc5, 0x62, 0xc1, 0x68, 0x34, 0xea, 0xd2, 0x33, 0x27, 0x27, 0x87, 0x5d, 0xbb, 0x76, 0x61, 0x34, 
  0x1a, 0xb9, 0xee, 0xba, 0xeb, 0x90, 0x24, 0xc9, 0x27, 0x79, 0xce, 0x9c, 0x39, 0x83, 0xc3, 0xe1, 
  0xa0, 0x6f, 0xdf, 0xbe, 0x58, 0xad, 0xd6, 0x0b, 0xbe, 0x2e, 0xed, 0xbb, 0x52, 0x52, 0x52, 0x10, 
  0x45, 0x91, 0xac, 0xac, 0x2c, 0x6a, 0x6b, 0x6b, 0x5b, 0x3c, 0x5e, 0x55, 0x55, 0x86, 0x0d, 0x1b, 
  0x46, 0x5a, 0x5a, 0x1a, 0xb2, 0x2c, 0x73, 0xf8, 0xf0, 0x61, 0x44, 0x51, 0xc4, 0x68, 0x34, 0xea, 
  0xf7, 0x27, 0xcb, 0x72, 0x50, 0x2a, 0x77, 0x10, 0x82, 0x04, 0x6e, 0x27, 0x68, 0x2a, 0xa7, 0xa7, 
  0xb4, 0xf5, 0xb6, 0xb0, 0x05, 0x41, 0x60, 0xfd, 0xfa, 0xf5, 0x28, 0x8a, 0xc2, 0xe8, 0xd1, 0xa3, 
  0x89, 0x8d, 0x8d, 0xf5, 0x79, 0xce, 0xec, 0xec, 0x6c, 0xec, 0x76, 0x3b, 0x3d, 0x7b, 0xf6, 0xa4, 
  0x67, 0xcf, 0x9e, 0xba, 0x1d, 0x7a, 0xbe, 0x50, 0x55, 0x15, 0x59, 0x96, 0x49, 0x49, 0x49, 0xc1, 
  0xed, 0x76, 0x73, 0xf2, 0xe4, 0x49, 0x9f, 0x1e, 0x68, 0x41, 0x10, 0xf8, 0xd1, 0x8f, 0x7e, 0x84, 
  0xc5, 0x62, 0xe1, 0xd8, 0xb1, 0x63, 0xa4, 0xa7, 0xa7, 0x37, 0xb2, 0xb7, 0x65, 0x59, 0xc6, 0x6c, 
  0x36, 0x63, 0xb1, 0x58, 0x30, 0x18, 0x0c, 0xc1, 0x7c, 0xec, 0x76, 0x46, 0x90, 0xc0, 0xed, 0x00, 
  0x49, 0x92, 0x18, 0x31, 0x62, 0x04, 0x2f, 0xbd, 0xf4, 0x12, 0xa3, 0x47, 0x8f, 0xf6, 0xb9, 0x80, 
  0x0d, 0x06, 0x03, 0xbb, 0x76, 0xed, 0x22, 0x3f, 0x3f, 0x9f, 0xfe, 0xfd, 0xfb, 0x93, 0x9a, 0x9a, 
  0xaa, 0x3b, 0x89, 0x9a, 0x42, 0x55, 0x55, 0x72, 0x73, 0x73, 0xb1, 0xd9, 0x6c, 0x18, 0x8d, 0x46, 
  0x12, 0x13, 0x13, 0x2f, 0xca, 0xf5, 0x5a, 0xad, 0x56, 0x92, 0x93, 0x93, 0x71, 0x38, 0x1c, 0x1c, 
  0x3f, 0x7e, 0xdc, 0x27, 0x79, 0xc3, 0xc3, 0xc3, 0x99, 0x3c, 0x79, 0x32, 0x92, 0x24, 0xb1, 0x76, 
  0xed, 0x5a, 0xaf, 0xd2, 0x5a, 0xdb, 0xbc, 0xcc, 0x66, 0x33, 0x56, 0xab, 0x95, 0x3e, 0x7d, 0xfa, 
  0x20, 0xcb, 0x41, 0x7f, 0x69, 0x7b, 0x20, 0x48, 0xe0, 0x8b, 0x08, 0x41, 0x10, 0x30, 0x99, 0x4c, 
  0x44, 0x45, 0x45, 0x31, 0x6f, 0xde, 0x3c, 0x9e, 0x7b, 0xee, 0x39, 0x1e, 0x7e, 0xf8, 0xe1, 0x46, 
  0x0e, 0x21, 0x6f, 0xc8, 0xcc, 0xcc, 0xe4, 0xf0, 0xe1, 0xc3, 0x98, 0xcd, 0x66, 0x26, 0x4f, 0x9e, 
  0xdc, 0xa2, 0x54, 0x15, 0x04, 0x81, 0xf2, 0xf2, 0x72, 0x8a, 0x8a, 0x8a, 0x90, 0x24, 0x89, 0xa4, 
  0xa4, 0xa4, 0x0b, 0xbe, 0x66, 0x45, 0x51, 0xe8, 0xd5, 0xab, 0x17, 0xbd, 0x7a, 0xf5, 0xc2, 0x66, 
  0xb3, 0x71, 0xfa, 0xf4, 0xe9, 0x16, 0x37, 0x1c, 0x45, 0x51, 0x18, 0x3c, 0x78, 0x30, 0x43, 0x86, 
  0x0c, 0xa1, 0xb4, 0xb4, 0x94, 0x0d, 0x1b, 0x36, 0x60, 0x34, 0x1a, 0x5b, 0x3c, 0xb7, 0xaa, 0xaa, 
  0x0c, 0x19, 0x32, 0x84, 0x95, 0x2b, 0x57, 0xf2, 0xc2, 0x0b, 0x2f, 0x04, 0x1d, 0x5e, 0xed, 0x80, 
  0x20, 0x81, 0x2f, 0x12, 0x64, 0x59, 0xd6, 0xed, 0x5b, 0xbb, 0xdd, 0xce, 0x8a, 0x15, 0x2b, 0x10, 
  0x04, 0x81, 0xeb, 0xae, 0xbb, 0x8e, 0x51, 0xa3, 0x46, 0xb5, 0xf8, 0x39, 0x55, 0x55, 0xb1, 0xd9, 
  0x6c, 0x6c, 0xda, 0xb4, 0x09, 0x45, 0x51, 0xb8, 0xfa, 0xea, 0xab, 0x09, 0x0b, 0x0b, 0x6b, 0xf1, 
  0x78, 0x9b, 0xcd, 0xc6, 0x99, 0x33, 0x67, 0x50, 0x55, 0x95, 0xa4, 0xa4, 0xa4, 0x16, 0x09, 0xe1, 
  0x72, 0xb9, 0xa8, 0xa8, 0xa8, 0xa0, 0xac, 0xac, 0xac, 0x45, 0x89, 0x0e, 0xf5, 0x9b, 0x42, 0x72, 
  0x72, 0x32, 0x46, 0xa3, 0x91, 0xea, 0xea, 0x6a, 0xb2, 0xb2, 0xb2, 0x5a, 0x94, 0xc0, 0x2e, 0x97, 
  0x8b, 0x6b, 0xaf, 0xbd, 0x96, 0xf0, 0xf0, 0x70, 0x8e, 0x1d, 0x3b, 0xc6, 0xf1, 0xe3, 0xc7, 0x7d, 
  0x6e, 0x4e, 0x8a, 0xa2, 0x70, 0xdf, 0x7d, 0xf7, 0x31, 0x74, 0xe8, 0x50, 0x6e, 0xba, 0xe9, 0x26, 
  0x22, 0x23, 0x23, 0x09, 0x09, 0x09, 0x09, 0x4a, 0xe3, 0x8b, 0x88, 0x20, 0x81, 0x2f, 0x10, 0xa2, 
  0x28, 0xea, 0x36, 0x9f, 0xe6, 0x85, 0x15, 0x04, 0x81, 0xef, 0xbe, 0xfb, 0x8e, 0x5d, 0xbb, 0x76, 
  0xd1, 0xab, 0x57, 0x2f, 0x66, 0xcf, 0x9e, 0xad, 0xdb, 0x83, 0x2d, 0x61, 0xfd, 0xfa, 0xf5, 0xd4, 
  0xd6, 0xd6, 0xd2, 0xaf, 0x5f, 0x3f, 0xd2, 0xd2, 0xd2, 0x7c, 0xaa, 0xb1, 0xdf, 0x7e, 0xfb, 0x2d, 
  0x4b, 0x96, 0x2c, 0x61, 0xd7, 0xae, 0x5d, 0x7a, 0xfa, 0xa3, 0x16, 0xa3, 0xd5, 0xe2, 0xb4, 0xfb, 
  0xf6, 0xed, 0xe3, 0x86, 0x1b, 0x6e, 0xe0, 0xea, 0xab, 0xaf, 0x66, 0xeb, 0xd6, 0xad, 0xa8, 0xaa, 
  0xaa, 0xff, 0xbf, 0xa2, 0x28, 0x8d, 0x52, 0x29, 0x8b, 0x8a, 0x8a, 0x58, 0xb5, 0x6a, 0x15, 0xff, 
  0xf9, 0xcf, 0x7f, 0x28, 0x2f, 0x2f, 0x6f, 0xf1, 0x3a, 0xad, 0x56, 0x2b, 0xd7, 0x5d, 0x77, 0x1d, 
  0xaa, 0xaa, 0xb2, 0x7e, 0xfd, 0x7a, 0x2a, 0x2b, 0x2b, 0x5b, 0xd4, 0x16, 0x54, 0x55, 0x25, 0x35, 
  0x35, 0x95, 0x3b, 0xee, 0xb8, 0x03, 0x55, 0x55, 0xf9, 0xd3, 0x9f, 0xfe, 0x44, 0x61, 0x61, 0x21, 
  0xa2, 0x28, 0x62, 0xb1, 0x58, 0x30, 0x9b, 0xcd, 0xad, 0x6a, 0x26, 0x41, 0xb4, 0x8e, 0x60, 0x31, 
  0xc3, 0x79, 0x42, 0x4b, 0xc0, 0x30, 0x1a, 0x8d, 0x2d, 0x2e, 0xf8, 0x5b, 0x6e, 0xb9, 0x85, 0xf7, 
  0xdf, 0x7f, 0x1f, 0xa7, 0xd3, 0xc9, 0x6d, 0xb7, 0xdd, 0xc6, 0x9e, 0x3d, 0x7b, 0x5a, 0x3c, 0xd6, 
  0x68, 0x34, 0xf2, 0xcd, 0x37, 0xdf, 0x70, 0xf9, 0xe5, 0x97, 0xf3, 0xee, 0xbb, 0xef, 0xf2, 0xf6, 
  0xdb, 0x6f, 0x37, 0xfa, 0x7f, 0x8d, 0xa4, 0xda, 0x9f, 0x1a, 0x61, 0x3d, 0xff, 0xbf, 0xe9, 0xdf, 
  0x3d, 0xf3, 0xa6, 0x3d, 0xff, 0xed, 0xf9, 0x77, 0x2d, 0x1b, 0x4b, 0xdb, 0x84, 0xaa, 0xab, 0xab, 
  0x5b, 0x8c, 0x2f, 0x8f, 0x1f, 0x3f, 0x9e, 0xbf, 0xfe, 0xf5, 0xaf, 0x98, 0x4c, 0x26, 0x66, 0xce, 
  0x9c, 0xc9, 0xbe, 0x7d, 0xfb, 0x5a, 0xbc, 0x1f, 0x59, 0x96, 0xf9, 0xdd, 0xef, 0x7e, 0xc7, 0xcf, 
  0x7e, 0xf6, 0x33, 0xd2, 0xd3, 0xd3, 0xb9, 0xed, 0xb6, 0xdb, 0x28, 0x2f, 0x2f, 0x6f, 0x74, 0x8c, 
  0xa2, 0x28, 0xd4, 0xd5, 0xd5, 0xe1, 0x72, 0xb9, 0x82, 0xc9, 0x20, 0xe7, 0x89, 0xa0, 0x2e, 0x73, 
  0x1e, 0xd0, 0xc2, 0x26, 0x06, 0x83, 0xc1, 0xe7, 0x71, 0x6b, 0xd7, 0xae, 0x25, 0x3d, 0x3d, 0x9d, 
  0x49, 0x93, 0x26, 0xf1, 0xb3, 0x9f, 0xfd, 0x8c, 0x7d, 0xfb, 0xf6, 0xb5, 0xb8, 0x50, 0xed, 0x76, 
  0x3b, 0xff, 0xfc, 0xe7, 0x3f, 0x01, 0x28, 0x2f, 0x2f, 0x47, 0x92, 0x24, 0x9c, 0x4e, 0x27, 0x2e, 
  0x97, 0x4b, 0x97, 0x9a, 0x6d, 0xf5, 0x38, 0x37, 0xfd, 0x2e, 0x6f, 0x24, 0x87, 0xfa, 0xf2, 0x43, 
  0xa7, 0xd3, 0x49, 0x75, 0x75, 0x35, 0x70, 0xce, 0x09, 0xa5, 0x65, 0x62, 0x69, 0x84, 0x1e, 0x38, 
  0x70, 0x20, 0x92, 0x24, 0xb1, 0x77, 0xef, 0x5e, 0x8e, 0x1c, 0x39, 0xd2, 0x22, 0x79, 0x55, 0x55, 
  0x65, 0xc4, 0x88, 0x11, 0xdc, 0x71, 0xc7, 0x1d, 0xd4, 0xd5, 0xd5, 0xb1, 0x64, 0xc9, 0x12, 0xca, 
  0xca, 0xca, 0x9a, 0x1d, 0xaf, 0x6d, 0x1c, 0x4e, 0xa7, 0x93, 0xba, 0xba, 0xba, 0x0b, 0xf6, 0xa8, 
  0x5f, 0x8a, 0x08, 0x4a, 0xe0, 0x36, 0x40, 0x10, 0x04, 0x86, 0x0e, 0x1d, 0xca, 0x9c, 0x39, 0x73, 
  0xd8, 0xba, 0x75, 0x2b, 0xdf, 0x7d, 0xf7, 0x9d, 0x4f, 0xb5, 0x58, 0x51, 0x14, 0xee, 0xba, 0xeb, 
  0x2e, 0x3e, 0xf8, 0xe0, 0x03, 0x0a, 0x0b, 0x0b, 0xb9, 0xfb, 0xee, 0xbb, 0xd9, 0xbf, 0x7f, 0xbf, 
  0xd7, 0x63, 0x55, 0x55, 0xd5, 0x13, 0x3b, 0xaa, 0xaa, 0xaa, 0xb0, 0xdb, 0xed, 0xcd, 0x2a, 0x86, 
  0x3a, 0x03, 0x5a, 0x18, 0x48, 0x96, 0x65, 0x42, 0x42, 0x42, 0x18, 0x3b, 0x76, 0x2c, 0x16, 0x8b, 
  0x85, 0x0d, 0x1b, 0x36, 0xb4, 0xa8, 0x02, 0xcb, 0xb2, 0xcc, 0xa2, 0x45, 0x8b, 0xb8, 0xe7, 0x9e, 
  0x7b, 0xd8, 0xb2, 0x65, 0x0b, 0x77, 0xdf, 0x7d, 0xb7, 0xbe, 0x39, 0xf8, 0xfa, 0x9e, 0xa8, 0xa8, 
  0x28, 0x72, 0x72, 0x72, 0x7c, 0xda, 0xec, 0x41, 0x34, 0x46, 0xd0, 0x08, 0xf1, 0x13, 0xa2, 0x28, 
  0x62, 0x32, 0x99, 0x78, 0xf4, 0xd1, 0x47, 0x99, 0x3b, 0x77, 0x2e, 0x2f, 0xbe, 0xf8, 0x22, 0xfd, 
  0xfa, 0xf5, 0xf3, 0xf9, 0x19, 0x49, 0x92, 0x58, 0xb3, 0x66, 0x0d, 0x3f, 0xfc, 0xf0, 0x03, 0xbd, 
  0x7b, 0xf7, 0xe6, 0xde, 0x7b, 0xef, 0x6d, 0x46, 0x78, 0x55, 0x55, 0x71, 0xb9, 0x5c, 0x38, 0x1c, 
  0x0e, 0x4a, 0x4b, 0x4b, 0x29, 0x2c, 0x2c, 0xa4, 0xb6, 0xb6, 0x56, 0x57, 0x97, 0x5b, 0x83, 0x0c, 
  0x18, 0x9a, 0xfc, 0xf8, 0xf2, 0xf3, 0x0a, 0x4d, 0x8e, 0x6d, 0x2d, 0x77, 0x4a, 0x53, 0xd9, 0xeb, 
  0xea, 0xea, 0xa8, 0xa8, 0xa8, 0x60, 0xfd, 0xfa, 0xf5, 0x7c, 0xff, 0xfd, 0xf7, 0x3e, 0x37, 0x97, 
  0xb1, 0x63, 0xc7, 0x32, 0x7d, 0xfa, 0x74, 0x9c, 0x4e, 0x27, 0xcb, 0x96, 0x2d, 0xa3, 0xb2, 0xb2, 
  0xb2, 0xd5, 0xef, 0x98, 0x3a, 0x75, 0x2a, 0x5f, 0x7f, 0xfd, 0x35, 0xd3, 0xa7, 0x4f, 0x0f, 0x7a, 
  0xaa, 0xdb, 0x00, 0x09, 0x78, 0xb5, 0xb3, 0x2f, 0xa2, 0xab, 0x43, 0x8b, 0x69, 0x4a, 0x92, 0x44, 
  0x56, 0x56, 0x16, 0x53, 0xa7, 0x4e, 0x65, 0xd0, 0xa0, 0x41, 0x44, 0x47, 0x47, 0xb3, 0x76, 0xed, 
  0xda, 0x46, 0xb6, 0x68, 0x53, 0xd8, 0xed, 0x76, 0x9c, 0x4e, 0x27, 0xd3, 0xa6, 0x4d, 0x63, 0xd0, 
  0xa0, 0x41, 0xac, 0x5e, 0xbd, 0x9a, 0xa2, 0xa2, 0x22, 0x3d, 0xb7, 0xd9, 0xe1, 0x70, 0xe0, 0x74, 
  0x3a, 0xfd, 0x26, 0xac, 0x27, 0x2c, 0xc0, 0x53, 0x48, 0xdc, 0x8f, 0xc4, 0x0d, 0x88, 0xfc, 0x18, 
  0x91, 0x99, 0x08, 0x94, 0x01, 0x59, 0x5e, 0x8e, 0x17, 0x80, 0x21, 0xc0, 0x5b, 0xc8, 0xfc, 0x18, 
  0x91, 0x9b, 0x10, 0x31, 0x03, 0x07, 0xdb, 0xa8, 0x84, 0x29, 0x8a, 0x82, 0xd3, 0xe9, 0xd4, 0x13, 
  0x3e, 0x3c, 0x6d, 0x66, 0x93, 0xc9, 0xc4, 0xfc, 0xf9, 0xf3, 0x19, 0x35, 0x6a, 0x14, 0x1b, 0x37, 
  0x6e, 0x64, 0xc1, 0x82, 0x05, 0xad, 0x4a, 0xd4, 0xfe, 0xfd, 0xfb, 0xb3, 0x78, 0xf1, 0x62, 0xd2, 
  0xd2, 0xd2, 0x00, 0x58, 0xbd, 0x7a, 0x75, 0xb0, 0x9c, 0xd1, 0x4f, 0x04, 0x6d, 0xe0, 0x56, 0xa0, 
  0x95, 0xf5, 0x69, 0xea, 0xe2, 0x89, 0x13, 0x27, 0x78, 0xeb, 0xad, 0xb7, 0x78, 0xf7, 0xdd, 0x77, 
  0xb9, 0xe9, 0xa6, 0x9b, 0xd8, 0xb9, 0x73, 0x27, 0xcb, 0x97, 0x2f, 0xf7, 0x79, 0x8e, 0x55, 0xab, 
  0x56, 0x31, 0x79, 0xf2, 0x64, 0x32, 0x32, 0x32, 0x28, 0x2d, 0x2d, 0xc5, 0xe1, 0x70, 0x5c, 0xb0, 
  0xe3, 0x46, 0x93, 0xa4, 0x3f, 0x42, 0x60, 0x92, 0x87, 0x22, 0xa5, 0x02, 0x89, 0x08, 0xfc, 0x04, 
  0x17, 0x35, 0x5e, 0x3e, 0xd3, 0x1b, 0x81, 0xd9, 0x88, 0x28, 0x0d, 0xff, 0x2e, 0x45, 0xe5, 0x6f, 
  0xe7, 0x79, 0x0d, 0x9a, 0x57, 0xdb, 0xe9, 0x74, 0x22, 0xcb, 0x32, 0x06, 0x83, 0x81, 0xc8, 0xc8, 
  0x48, 0xfa, 0xf4, 0xe9, 0x43, 0x69, 0x69, 0x29, 0x1f, 0x7d, 0xf4, 0x51, 0xab, 0xaa, 0xb3, 0xd9, 
  0x6c, 0xe6, 0xe5, 0x97, 0x5f, 0x66, 0xf0, 0xe0, 0xc1, 0x9c, 0x38, 0x71, 0x82, 0xc5, 0x8b, 0x17, 
  0x23, 0x08, 0x02, 0x16, 0x8b, 0x45, 0x7f, 0x4e, 0x41, 0xb4, 0x8c, 0xa0, 0x04, 0xf6, 0x01, 0xad, 
  0xf2, 0xa6, 0xa9, 0xad, 0x77, 0xf0, 0xe0, 0x41, 0xe2, 0xe3, 0xe3, 0x19, 0x3f, 0x7e, 0x3c, 0x69, 
  0x69, 0x69, 0x6c, 0xdb, 0xb6, 0x8d, 0xbc, 0xbc, 0xbc, 0x16, 0x55, 0x3f, 0x87, 0xc3, 0xc1, 0x8a, 
  0x15, 0x2b, 0x58, 0xbb, 0x76, 0x2d, 0xa5, 0xa5, 0xa5, 0x17, 0xc5, 0x59, 0x23, 0x00, 0x26, 0xe0, 
  0xff, 0x20, 0xd2, 0x0f, 0x01, 0xb1, 0xe1, 0x77, 0x02, 0x90, 0x08, 0x9c, 0xa2, 0x5e, 0xb2, 0xaa, 
  0x4d, 0x3e, 0x93, 0x84, 0xc0, 0xfd, 0x1e, 0x8a, 0xf3, 0x0e, 0x54, 0xd6, 0x5c, 0xa0, 0x1b, 0x44, 
  0x0b, 0x51, 0xb9, 0x5c, 0x2e, 0xaa, 0xaa, 0xaa, 0x58, 0xbb, 0x76, 0x2d, 0xb9, 0xb9, 0xb9, 0x7c, 
  0xfb, 0xed, 0xb7, 0x3e, 0x37, 0x29, 0x51, 0x14, 0x79, 0xec, 0xb1, 0xc7, 0x78, 0xf0, 0xc1, 0x07, 
  0xa9, 0xad, 0xad, 0xe5, 0xb9, 0xe7, 0x9e, 0x63, 0xeb, 0xd6, 0xad, 0x8d, 0xec, 0x6e, 0x4d, 0x85, 
  0x0f, 0xc2, 0x3b, 0x82, 0x36, 0xb0, 0x17, 0x68, 0x19, 0x55, 0x2d, 0x85, 0x88, 0x24, 0x49, 0x62, 
  0xf1, 0xe2, 0xc5, 0xec, 0xdc, 0xb9, 0x93, 0xb8, 0xb8, 0x38, 0x5e, 0x7a, 0xe9, 0x25, 0xc2, 0xc3, 
  0xc3, 0xbd, 0x9e, 0x4b, 0xb3, 0x1f, 0x35, 0xbb, 0xb6, 0xbd, 0x51, 0x4f, 0x6c, 0x81, 0x47, 0x10, 
  0x49, 0xc4, 0xb7, 0x3d, 0x7c, 0xb1, 0xa1, 0x99, 0x05, 0x19, 0x19, 0x19, 0x2c, 0x5b, 0xb6, 0x0c, 
  0xa7, 0xd3, 0xd9, 0xe2, 0xb1, 0x8a, 0xa2, 0x30, 0x65, 0xca, 0x14, 0x1e, 0x7d, 0xf4, 0x51, 0x14, 
  0x45, 0x61, 0xd9, 0xb2, 0x65, 0xac, 0x58, 0xb1, 0xa2, 0xd1, 0x31, 0x9e, 0xef, 0x21, 0x08, 0xef, 
  0x08, 0x12, 0xd8, 0x0b, 0x7c, 0x91, 0x57, 0x43, 0x56, 0x56, 0x16, 0xf3, 0xe7, 0xcf, 0xa7, 0xbc, 
  0xbc, 0x9c, 0xab, 0xae, 0xba, 0x8a, 0x27, 0x9e, 0x78, 0xa2, 0x51, 0x25, 0x91, 0xaa, 0xaa, 0xd4, 
  0xd5, 0xd5, 0x61, 0xb3, 0xd9, 0xa8, 0xab, 0xab, 0xeb, 0x10, 0x7b, 0x4e, 0xfb, 0x06, 0x01, 0x18, 
  0x8b, 0xc0, 0xad, 0x9d, 0xf4, 0x7a, 0x3d, 0xef, 0xbd, 0x25, 0x12, 0x27, 0x24, 0x24, 0xf0, 0xca, 
  0x2b, 0xaf, 0x10, 0x1d, 0x1d, 0xcd, 0x96, 0x2d, 0x5b, 0x58, 0xb4, 0x68, 0x91, 0xd7, 0x67, 0x24, 
  0x08, 0x82, 0xae, 0x09, 0x05, 0xd1, 0x1c, 0x41, 0x02, 0x7b, 0x40, 0x14, 0x45, 0xae, 0xba, 0xea, 
  0x2a, 0x46, 0x8d, 0x1a, 0xd5, 0xaa, 0xb4, 0x14, 0x45, 0x91, 0xed, 0xdb, 0xb7, 0xb3, 0x70, 0xe1, 
  0x42, 0x14, 0x45, 0xe1, 0x17, 0xbf, 0xf8, 0x05, 0x93, 0x27, 0x4f, 0xd6, 0xed, 0x42, 0x9b, 0xcd, 
  0x86, 0xc3, 0xe1, 0xe8, 0x30, 0xf5, 0x4f, 0x01, 0x0e, 0xa3, 0xea, 0x0e, 0x29, 0x03, 0x02, 0x0f, 
  0x20, 0x92, 0x44, 0xc7, 0x4a, 0xe1, 0x46, 0xd7, 0xa4, 0x28, 0xd8, 0xed, 0x76, 0x6c, 0x36, 0x5b, 
  0x23, 0x47, 0x5f, 0x58, 0x58, 0x18, 0x6f, 0xbc, 0xf1, 0x06, 0x23, 0x46, 0x8c, 0x20, 0x33, 0x33, 
  0x93, 0x97, 0x5f, 0x7e, 0xb9, 0x59, 0x92, 0x87, 0x27, 0x3c, 0x49, 0x1c, 0xcc, 0xde, 0x6a, 0x8c, 
  0xe0, 0xd3, 0xf0, 0xc0, 0x2d, 0xb7, 0xdc, 0xc2, 0x17, 0x5f, 0x7c, 0xc1, 0x92, 0x25, 0x4b, 0x18, 
  0x31, 0x62, 0x44, 0xab, 0xc7, 0xab, 0xaa, 0xca, 0xf2, 0xe5, 0xcb, 0x59, 0xbb, 0x76, 0x2d, 0x67, 
  0xcf, 0x9e, 0xc5, 0xe1, 0x70, 0xe8, 0x92, 0xc7, 0x97, 0x67, 0xba, 0x3d, 0xa0, 0x02, 0xb5, 0xa8, 
  0x2c, 0xc7, 0x8d, 0xad, 0x81, 0xc4, 0x83, 0x10, 0x78, 0x00, 0x89, 0xce, 0x96, 0x5d, 0x2e, 0x97, 
  0x4b, 0xd7, 0x44, 0xdc, 0x6e, 0x37, 0xd7, 0x5e, 0x7b, 0x2d, 0x3f, 0xfa, 0xd1, 0x8f, 0xa8, 0xa8, 
  0xa8, 0x60, 0xde, 0xbc, 0x79, 0x1c, 0x3e, 0x7c, 0xb8, 0xd5, 0xd0, 0x91, 0xa2, 0x28, 0x8c, 0x1d, 
  0x3b, 0x96, 0x3b, 0xee, 0xb8, 0x23, 0xa8, 0x52, 0x7b, 0x20, 0xe8, 0x85, 0xe6, 0x9c, 0xad, 0x55, 
  0x51, 0x51, 0x81, 0xd3, 0xe9, 0x24, 0x2d, 0x2d, 0x8d, 0x8f, 0x3f, 0xfe, 0x98, 0x39, 0x73, 0xe6, 
  0x70, 0xf0, 0xe0, 0x41, 0x9f, 0x8b, 0xab, 0xaa, 0xaa, 0x8a, 0xa7, 0x9e, 0x7a, 0x0a, 0xa7, 0xd3, 
  0x49, 0x4e, 0x4e, 0x4e, 0xa7, 0x39, 0x5c, 0x04, 0x20, 0x0c, 0x81, 0xb5, 0xa8, 0xdc, 0x88, 0xca, 
  0x64, 0x04, 0x64, 0x04, 0xee, 0x47, 0xe4, 0x4b, 0x14, 0xf6, 0x77, 0x72, 0xbe, 0x8e, 0xaa, 0xaa, 
  0x38, 0x1c, 0x0e, 0x64, 0x59, 0x66, 0xe3, 0xc6, 0x8d, 0xfc, 0xfd, 0xef, 0x7f, 0xa7, 0xb8, 0xb8, 
  0xb8, 0x99, 0xdd, 0xdb, 0xd2, 0x67, 0xd3, 0xd2, 0xd2, 0xf8, 0xf0, 0xc3, 0x0f, 0x89, 0x8d, 0x8d, 
  0xa5, 0xa4, 0xa4, 0x84, 0xf5, 0xeb, 0xd7, 0x07, 0xc3, 0x4c, 0x04, 0x25, 0xb0, 0x4e, 0x5e, 0x83, 
  0xc1, 0xc0, 0xce, 0x9d, 0x3b, 0x79, 0xf4, 0xd1, 0x47, 0x39, 0x7e, 0xfc, 0x38, 0xc3, 0x86, 0x0d, 
  0x63, 0xe1, 0xc2, 0x85, 0x0c, 0x1d, 0x3a, 0xb4, 0x55, 0xe9, 0x90, 0x93, 0x93, 0x43, 0x76, 0x76, 
  0x76, 0xa7, 0x7b, 0x4b, 0x45, 0xa0, 0x08, 0x95, 0x25, 0x28, 0xd8, 0x50, 0x11, 0x80, 0xf8, 0x06, 
  0x55, 0xba, 0xab, 0xec, 0xd4, 0x2e, 0x97, 0x8b, 0x9c, 0x9c, 0x1c, 0x9e, 0x7d, 0xf6, 0x59, 0x7e, 
  0xff, 0xfb, 0xdf, 0xb7, 0xfa, 0xcc, 0x54, 0x55, 0xe5, 0xf2, 0xcb, 0x2f, 0xe7, 0x93, 0x4f, 0x3e, 
  0x61, 0xc8, 0x90, 0x21, 0x94, 0x95, 0x95, 0xe1, 0x74, 0x3a, 0x5b, 0x4d, 0x63, 0xbd, 0x54, 0x70, 
  0xc9, 0x13, 0xb8, 0x69, 0x4e, 0xf3, 0xb6, 0x6d, 0xdb, 0x78, 0xea, 0xa9, 0xa7, 0xc8, 0xca, 0xca, 
  0x62, 0xdc, 0xb8, 0x71, 0x2c, 0x5d, 0xba, 0x94, 0xe4, 0xe4, 0x64, 0xaf, 0xbb, 0xbd, 0xe6, 0xac, 
  0x71, 0x38, 0x1c, 0x5d, 0x46, 0x1a, 0xa8, 0xc0, 0x77, 0x28, 0x8d, 0x42, 0x43, 0xb7, 0x22, 0x32, 
  0xb6, 0xd3, 0x2c, 0xe1, 0xe6, 0x50, 0x55, 0x95, 0xd2, 0xd2, 0x52, 0x2a, 0x2a, 0x2a, 0x5a, 0x3d, 
  0x6e, 0xec, 0xd8, 0xb1, 0x7c, 0xf0, 0xc1, 0x07, 0x0c, 0x1e, 0x3c, 0x98, 0x93, 0x27, 0x4f, 0x32, 
  0x67, 0xce, 0x1c, 0x7e, 0xf8, 0xe1, 0x07, 0x4c, 0x26, 0x53, 0xd0, 0xb1, 0xc5, 0x25, 0x4e, 0x60, 
  0x6f, 0x05, 0x09, 0xa2, 0x28, 0xb2, 0x6d, 0xdb, 0x36, 0x1e, 0x7d, 0xf4, 0x51, 0x4e, 0x9e, 0x3c, 
  0xc9, 0xc8, 0x91, 0x23, 0xf9, 0xe0, 0x83, 0x0f, 0x18, 0x32, 0x64, 0x48, 0x23, 0x92, 0x6a, 0x0e, 
  0x9a, 0xba, 0xba, 0xba, 0x8e, 0xbe, 0xec, 0x56, 0x61, 0x07, 0xde, 0xc7, 0x4d, 0x41, 0x43, 0x1c, 
  0x38, 0x0e, 0x81, 0xc7, 0x90, 0xb8, 0xf0, 0x0e, 0x5a, 0x17, 0x0f, 0xaa, 0xaa, 0x62, 0xb7, 0xdb, 
  0xf5, 0x9c, 0x6f, 0x6f, 0x98, 0x34, 0x69, 0x12, 0x1f, 0x7f, 0xfc, 0x31, 0xc9, 0xc9, 0xc9, 0x1c, 
  0x3e, 0x7c, 0x98, 0xb9, 0x73, 0xe7, 0xb2, 0x6f, 0xdf, 0x3e, 0xdd, 0x91, 0x65, 0x30, 0x18, 0x2e, 
  0x79, 0x49, 0x7c, 0xc9, 0x12, 0x58, 0x96, 0xe5, 0x16, 0x43, 0x45, 0xaa, 0xaa, 0xb2, 0x71, 0xe3, 
  0x46, 0x9e, 0x79, 0xe6, 0x19, 0xf2, 0xf2, 0xf2, 0x18, 0x3f, 0x7e, 0x3c, 0x8b, 0x16, 0x2d, 0xd2, 
  0x5b, 0xd8, 0x68, 0xe4, 0xed, 0xaa, 0x59, 0x42, 0x2a, 0xb0, 0x0d, 0x95, 0xef, 0xa9, 0x57, 0x4f, 
  0x45, 0xe0, 0x66, 0x04, 0x26, 0x23, 0x36, 0x93, 0xc3, 0x9d, 0xad, 0x37, 0x38, 0x9d, 0x4e, 0xec, 
  0x76, 0x7b, 0x23, 0x55, 0xda, 0xed, 0x76, 0x33, 0x69, 0xd2, 0x24, 0x3e, 0xf8, 0xe0, 0x03, 0x06, 
  0x0c, 0x18, 0xc0, 0xe1, 0xc3, 0x87, 0x79, 0xe0, 0x81, 0x07, 0xd8, 0xbd, 0x7b, 0x77, 0xb3, 0x92, 
  0xc8, 0x4b, 0xbd, 0x1b, 0xe6, 0x25, 0x49, 0x60, 0xad, 0xd9, 0x9c, 0x2f, 0xdb, 0x56, 0x92, 0x24, 
  0x36, 0x6e, 0xdc, 0xc8, 0xaf, 0x7e, 0xf5, 0x2b, 0x32, 0x33, 0x33, 0x19, 0x33, 0x66, 0x0c, 0x0f, 
  0x3d, 0xf4, 0x10, 0x50, 0x9f, 0xdf, 0xdc, 0xd1, 0x5e, 0xe6, 0xb6, 0x40, 0x05, 0x1c, 0xc0, 0x52, 
  0x14, 0x8a, 0x1a, 0xa4, 0x70, 0x48, 0x43, 0x72, 0x87, 0x00, 0x78, 0x5a, 0x9d, 0x5d, 0xc1, 0x9f, 
  0xeb, 0x72, 0xb9, 0x74, 0x12, 0x0b, 0x82, 0xc0, 0x94, 0x29, 0x53, 0x78, 0xff, 0xfd, 0xf7, 0xe9, 
  0xd3, 0xa7, 0x0f, 0xfb, 0xf7, 0xef, 0xe7, 0x91, 0x47, 0x1e, 0x69, 0xd1, 0x53, 0x2d, 0x08, 0xc2, 
  0x25, 0xdd, 0x1c, 0xe0, 0x92, 0xbb, 0x6b, 0x49, 0x92, 0x08, 0x09, 0x09, 0xf1, 0xfb, 0x85, 0xaf, 
  0x59, 0xb3, 0x86, 0x5f, 0xff, 0xfa, 0xd7, 0x2c, 0x5d, 0xba, 0x94, 0x05, 0x0b, 0x16, 0x50, 0x53, 
  0x53, 0xd3, 0xa5, 0xc9, 0xab, 0x41, 0x05, 0xf6, 0xa3, 0xf2, 0x27, 0x14, 0x34, 0x3d, 0x61, 0x12, 
  0x02, 0x53, 0x11, 0x71, 0x78, 0x1c, 0xd7, 0x55, 0x64, 0x97, 0xdb, 0xed, 0xd6, 0xd5, 0xe9, 0x6b, 
  0xae, 0xb9, 0x86, 0xde, 0xbd, 0x7b, 0xb3, 0x67, 0xcf, 0x1e, 0x1e, 0x7a, 0xe8, 0x21, 0x0e, 0x1c, 
  0x38, 0xe0, 0x73, 0xb3, 0xd5, 0xea, 0x8a, 0x2f, 0xc5, 0x2a, 0xa6, 0x4b, 0xaa, 0x1e, 0x58, 0x10, 
  0x04, 0x26, 0x4d, 0x9a, 0xc4, 0x3d, 0xf7, 0xdc, 0xc3, 0xfb, 0xef, 0xbf, 0xcf, 0x99, 0x33, 0x67, 
  0xfc, 0x22, 0xb2, 0x56, 0x7d, 0xe3, 0x72, 0xb9, 0x3a, 0xdd, 0xd3, 0xac, 0xa1, 0x3e, 0x6c, 0x04, 
  0xff, 0x42, 0x66, 0x12, 0x22, 0x2a, 0x70, 0x12, 0x95, 0x49, 0x38, 0x29, 0xf2, 0x38, 0x66, 0x20, 
  0x02, 0xdf, 0x22, 0x33, 0xb8, 0x41, 0x79, 0x2e, 0x46, 0x25, 0x0c, 0x01, 0x13, 0xf5, 0x2f, 0x7e, 
  0x29, 0x6e, 0xe6, 0xd2, 0xb9, 0x1b, 0x92, 0x04, 0xfa, 0x15, 0x88, 0xa2, 0x48, 0x44, 0x44, 0x04, 
  0xaf, 0xbc, 0xf2, 0x0a, 0x7f, 0xfa, 0xd3, 0x9f, 0x5a, 0xed, 0xbb, 0xa5, 0x41, 0xcb, 0xc7, 0xf6, 
  0x65, 0x53, 0x77, 0x47, 0x5c, 0x52, 0xc5, 0x0c, 0x89, 0x89, 0x89, 0x2c, 0x5c, 0xb8, 0x90, 0x1b, 
  0x6f, 0xbc, 0x91, 0xab, 0xaf, 0xbe, 0x9a, 0xec, 0xec, 0x6c, 0x32, 0x33, 0x33, 0x5b, 0x25, 0xa5, 
  0x96, 0xcf, 0xdc, 0x55, 0xc8, 0x0b, 0xe7, 0x8a, 0x19, 0xee, 0x41, 0xa4, 0x6f, 0x03, 0x39, 0x4b, 
  0x81, 0x4f, 0x51, 0xf0, 0x6c, 0xf4, 0x5a, 0x0e, 0x58, 0x81, 0xc9, 0x08, 0x88, 0x08, 0x58, 0x11, 
  0x1a, 0x85, 0x94, 0x76, 0xa3, 0xb2, 0xaa, 0x93, 0xf6, 0x70, 0x11, 0x48, 0x45, 0xe0, 0x59, 0x24, 
  0x4e, 0x35, 0x5c, 0xab, 0xe6, 0xd9, 0xdf, 0xb6, 0x6d, 0x1b, 0xa5, 0xa5, 0xa5, 0x7e, 0x49, 0x55, 
  0x55, 0x55, 0x19, 0x38, 0x70, 0x20, 0xcf, 0x3f, 0xff, 0x3c, 0x99, 0x99, 0x99, 0x14, 0x15, 0x15, 
  0xb5, 0xfa, 0x99, 0xee, 0x82, 0x4b, 0x86, 0xc0, 0x5a, 0x9e, 0x72, 0x75, 0x75, 0x35, 0x63, 0xc7, 
  0x8e, 0x65, 0xf0, 0xe0, 0xc1, 0xcc, 0x98, 0x31, 0x03, 0x41, 0x10, 0xf8, 0xe1, 0x87, 0x1f, 0x70, 
  0xb9, 0x5c, 0x5e, 0x17, 0x8b, 0xe6, 0xb0, 0xea, 0x4a, 0xe4, 0x05, 0xff, 0x09, 0x0c, 0x90, 0x85, 
  0xca, 0x34, 0x44, 0x7a, 0x21, 0x34, 0x73, 0x62, 0x75, 0x16, 0x81, 0x05, 0xea, 0xc9, 0xbb, 0x0c, 
  0x89, 0x5b, 0x91, 0x88, 0x47, 0x60, 0x3d, 0x0a, 0x76, 0xce, 0x35, 0x39, 0xf0, 0x77, 0xc2, 0xc3, 
  0xcc, 0x99, 0x33, 0xf9, 0xc3, 0x1f, 0xfe, 0xc0, 0x8c, 0x19, 0x33, 0xb0, 0x58, 0x2c, 0xac, 0x5d, 
  0xbb, 0xd6, 0x67, 0x21, 0x45, 0x77, 0xc2, 0x25, 0x61, 0x03, 0x6b, 0xb9, 0xb4, 0x6e, 0xb7, 0x9b, 
  0x15, 0x2b, 0x56, 0x70, 0xcf, 0x3d, 0xf7, 0xf0, 0xfd, 0xf7, 0xdf, 0x63, 0xb5, 0x5a, 0x79, 0xf6, 
  0xd9, 0x67, 0xf9, 0xe4, 0x93, 0x4f, 0x18, 0x34, 0x68, 0x50, 0x33, 0xd5, 0xab, 0xab, 0x92, 0xd7, 
  0x1b, 0x5a, 0xa2, 0xa0, 0x0a, 0x64, 0x03, 0x1f, 0xa3, 0x60, 0x47, 0x45, 0xf1, 0x71, 0x6c, 0x47, 
  0x41, 0x04, 0x86, 0x23, 0xf0, 0x11, 0x12, 0x97, 0x35, 0x24, 0x99, 0xdc, 0x8c, 0xc8, 0x3b, 0xc8, 
  0xf4, 0x6c, 0x38, 0xa6, 0x35, 0x75, 0x58, 0x55, 0x55, 0xa2, 0xa3, 0xa3, 0x79, 0xf5, 0xd5, 0x57, 
  0x59, 0xba, 0x74, 0xa9, 0x1e, 0x27, 0xde, 0xb0, 0x61, 0xc3, 0x25, 0x65, 0x0b, 0x5f, 0x12, 0x12, 
  0xd8, 0x68, 0x34, 0x36, 0xca, 0x9f, 0x2d, 0x2a, 0x2a, 0x62, 0xdd, 0xba, 0x75, 0x38, 0x9d, 0x4e, 
  0x46, 0x8e, 0x1c, 0xc9, 0xc8, 0x91, 0x23, 0x99, 0x34, 0x69, 0x12, 0xb9, 0xb9, 0xb9, 0x9c, 0x3c, 
  0x79, 0x12, 0x38, 0x97, 0xfa, 0xd7, 0x55, 0x1d, 0x56, 0x5a, 0x41, 0xff, 0x55, 0x88, 0x98, 0x80, 
  0x12, 0xea, 0x25, 0xed, 0x97, 0x28, 0xd8, 0x9a, 0x1c, 0xab, 0x02, 0x27, 0x50, 0x19, 0x81, 0x80, 
  0x84, 0x40, 0x09, 0x50, 0x4c, 0xbd, 0xca, 0xba, 0x03, 0x85, 0x8d, 0x1d, 0x48, 0x69, 0x11, 0x48, 
  0x43, 0x60, 0x39, 0x12, 0xe3, 0x10, 0x91, 0x1a, 0xee, 0x45, 0x02, 0x86, 0x21, 0x50, 0x07, 0x6c, 
  0xe2, 0xdc, 0x38, 0x53, 0x6d, 0xf4, 0x4b, 0xa3, 0xfb, 0x51, 0x55, 0xc6, 0x8f, 0x1f, 0xcf, 0xe2, 
  0xc5, 0x8b, 0xb9, 0xe5, 0x96, 0x5b, 0x30, 0x18, 0x0c, 0xfc, 0xeb, 0x5f, 0xff, 0xe2, 0xf1, 0xc7, 
  0x1f, 0xd7, 0xeb, 0x89, 0x2f, 0x95, 0x3a, 0xe2, 0x6e, 0xef, 0xc4, 0xd2, 0xfa, 0x10, 0xb7, 0xe4, 
  0x08, 0xb9, 0xf1, 0xc6, 0x1b, 0x99, 0x37, 0x6f, 0x1e, 0x03, 0x06, 0x0c, 0xa0, 0xba, 0xba, 0x9a, 
  0x05, 0x0b, 0x16, 0xb0, 0x64, 0xc9, 0x12, 0x2a, 0x2b, 0x2b, 0xbb, 0x64, 0x92, 0x46, 0x53, 0x84, 
  0x72, 0xce, 0x93, 0xac, 0x00, 0xd5, 0xb4, 0xfc, 0x42, 0xad, 0x34, 0x4f, 0x7e, 0xaf, 0x83, 0x66, 
  0x84, 0x6f, 0x2f, 0x68, 0x92, 0xf7, 0xe3, 0x06, 0xf2, 0x6a, 0x4d, 0x08, 0xb4, 0xeb, 0xcd, 0x44, 
  0xe5, 0x97, 0xb8, 0x58, 0xd1, 0xe4, 0x0e, 0xb4, 0xf2, 0x4e, 0x55, 0x55, 0x09, 0x09, 0x09, 0xe1, 
  0xa7, 0x3f, 0xfd, 0x29, 0x4f, 0x3e, 0xf9, 0x24, 0xbd, 0x7a, 0xf5, 0x22, 0x2f, 0x2f, 0x8f, 0x0f, 
  0x3e, 0xf8, 0x80, 0x4f, 0x3f, 0xfd, 0x14, 0x9b, 0xed, 0xdc, 0x9d, 0x28, 0x8a, 0x82, 0xcd, 0x66, 
  0xeb, 0xf6, 0x24, 0xee, 0x2a, 0x29, 0xb2, 0xed, 0x86, 0xd6, 0x4a, 0xd0, 0x56, 0xac, 0x58, 0xc1, 
  0x91, 0x23, 0x47, 0x78, 0xe5, 0x95, 0x57, 0x98, 0x36, 0x6d, 0x1a, 0xc9, 0xc9, 0xc9, 0xba, 0xd7, 
  0x39, 0x10, 0xe0, 0xbb, 0x61, 0x4d, 0x63, 0x34, 0x6d, 0xb1, 0xd3, 0x91, 0x90, 0x80, 0x31, 0x08, 
  0x7c, 0x88, 0xcc, 0x28, 0x8f, 0x0e, 0x22, 0x6a, 0xc3, 0xcf, 0x31, 0x54, 0x9e, 0xc0, 0xc5, 0x06, 
  0x2f, 0xdb, 0x4f, 0x5d, 0x5d, 0x1d, 0x92, 0x24, 0x11, 0x1b, 0x1b, 0xcb, 0xef, 0x7e, 0xf7, 0x3b, 
  0x7e, 0xfc, 0xe3, 0x1f, 0x23, 0x49, 0x12, 0xdb, 0xb7, 0x6f, 0xe7, 0xb5, 0xd7, 0x5e, 0x63, 0xfb, 
  0xf6, 0xed, 0xcd, 0x54, 0x6d, 0x51, 0x14, 0x31, 0x18, 0x0c, 0x38, 0x1c, 0x8e, 0x66, 0xe7, 0xeb, 
  0x4e, 0xe8, 0xd6, 0x04, 0x96, 0x65, 0xd9, 0xaf, 0x31, 0x1e, 0x27, 0x4e, 0x9c, 0xe0, 0xa1, 0x87, 
  0x1e, 0x62, 0xd6, 0xac, 0x59, 0x7c, 0xf3, 0xcd, 0x37, 0x94, 0x95, 0x95, 0x5d, 0x52, 0xa1, 0x88, 
  0xf6, 0x86, 0x08, 0x8c, 0x46, 0xe0, 0x63, 0x64, 0xd2, 0x1a, 0x1c, 0x69, 0x9e, 0xe4, 0x3d, 0x8e, 
  0xca, 0x23, 0xb8, 0xd8, 0xdc, 0xa4, 0x05, 0x90, 0x06, 0x4f, 0x73, 0x26, 0x21, 0x21, 0x81, 0xba, 
  0xba, 0x3a, 0xfe, 0xf4, 0xa7, 0x3f, 0xf1, 0xce, 0x3b, 0xef, 0x50, 0x59, 0x59, 0xd9, 0xa2, 0xcd, 
  0x6b, 0x30, 0x18, 0xf4, 0xbe, 0xda, 0xdd, 0x15, 0xdd, 0x56, 0x85, 0xd6, 0x1a, 0xa3, 0xb5, 0x25, 
  0xcd, 0x4e, 0x9b, 0x53, 0xd4, 0x9d, 0x5f, 0x78, 0x47, 0x43, 0x06, 0xc6, 0x21, 0xf0, 0x01, 0x32, 
  0x23, 0x9b, 0x48, 0x5e, 0x05, 0x38, 0x80, 0xca, 0x63, 0xb8, 0xd8, 0x81, 0x4a, 0x6b, 0x89, 0xa9, 
  0xb2, 0x2c, 0x33, 0x7d, 0xfa, 0x74, 0x22, 0x22, 0x22, 0x58, 0xbd, 0x7a, 0xb5, 0x5f, 0x5a, 0x92, 
  0x56, 0x8b, 0xdc, 0x5d, 0xd1, 0x6d, 0x09, 0x6c, 0xb5, 0x5a, 0x31, 0x9b, 0xcd, 0xd4, 0xd6, 0xd6, 
  0xfa, 0x25, 0x85, 0xb5, 0xf8, 0x63, 0x20, 0xd8, 0xbd, 0x81, 0x02, 0x01, 0x98, 0x80, 0xc0, 0x27, 
  0x0d, 0x89, 0x24, 0x4d, 0x25, 0xef, 0x3e, 0x14, 0x1e, 0xc0, 0x4d, 0x7a, 0x83, 0x77, 0xdc, 0x1f, 
  0x98, 0x4c, 0x26, 0x64, 0x59, 0x6e, 0x53, 0xea, 0xa4, 0xd6, 0xda, 0xb7, 0x3b, 0xa2, 0x5b, 0x86, 
  0x91, 0x24, 0x49, 0xe2, 0x89, 0x27, 0x9e, 0x60, 0xc5, 0x8a, 0x15, 0xdc, 0x7d, 0xf7, 0xdd, 0x44, 
  0x44, 0x44, 0xf8, 0x95, 0xac, 0xd1, 0x5d, 0x5f, 0x72, 0x67, 0x40, 0x06, 0xae, 0x6c, 0xb0, 0x79, 
  0x9b, 0x92, 0xd7, 0x0d, 0xec, 0x42, 0xe1, 0xc1, 0x36, 0x92, 0x17, 0x68, 0xf3, 0x06, 0xab, 0x28, 
  0x0a, 0xe1, 0xe1, 0xe1, 0xdd, 0xb6, 0x6a, 0xa9, 0xdb, 0x85, 0x91, 0x04, 0x41, 0x20, 0x21, 0x21, 
  0x81, 0x37, 0xdf, 0x7c, 0x93, 0x91, 0x23, 0x47, 0x32, 0x63, 0xc6, 0x0c, 0x2e, 0xbf, 0xfc, 0x72, 
  0x6a, 0x6a, 0x6a, 0xc8, 0xcc, 0xcc, 0xc4, 0xe9, 0x74, 0x7a, 0xb5, 0x99, 0x3a, 0xb2, 0x7f, 0x55, 
  0x47, 0x41, 0x4b, 0x5e, 0xe9, 0x68, 0x7b, 0x5e, 0xa2, 0x3e, 0xbc, 0xf5, 0x11, 0x32, 0x43, 0xbd, 
  0x90, 0x77, 0x2b, 0x0a, 0x73, 0x70, 0x73, 0xb0, 0x8d, 0xe4, 0xd5, 0xa0, 0x85, 0x96, 0x7c, 0xc5, 
  0x7b, 0x55, 0x55, 0xc5, 0x6a, 0xb5, 0x72, 0xfd, 0xf5, 0xd7, 0xf3, 0xfc, 0xf3, 0xcf, 0x73, 0xfc, 
  0xf8, 0x71, 0x72, 0x73, 0x73, 0xcf, 0xeb, 0x7e, 0xba, 0x32, 0xba, 0x1d, 0x81, 0x45, 0x51, 0xc4, 
  0xed, 0x76, 0xb3, 0x63, 0xc7, 0x0e, 0x4c, 0x26, 0x13, 0x49, 0x49, 0x49, 0x0c, 0x19, 0x32, 0x84, 
  0x9b, 0x6e, 0xba, 0x89, 0x51, 0xa3, 0x46, 0x51, 0x5c, 0x5c, 0x4c, 0x6e, 0x6e, 0x6e, 0x23, 0x22, 
  0x6b, 0xc3, 0xb5, 0xba, 0x1b, 0xac, 0x56, 0x2b, 0x82, 0x20, 0x74, 0x68, 0xd9, 0xa3, 0x44, 0xbd, 
  0xe4, 0x5d, 0x8a, 0xcc, 0xa0, 0x16, 0xc8, 0xfb, 0x10, 0x2e, 0x8e, 0x71, 0xfe, 0xb6, 0x9b, 0xa2, 
  0x28, 0xfa, 0xe0, 0xb5, 0xa6, 0x70, 0xbb, 0xdd, 0x84, 0x86, 0x86, 0x32, 0x63, 0xc6, 0x0c, 0xde, 
  0x7a, 0xeb, 0x2d, 0x7e, 0xf9, 0xcb, 0x5f, 0x32, 0x74, 0xe8, 0x50, 0x8a, 0x8a, 0x8a, 0xd8, 0xb4, 
  0x69, 0x53, 0xb7, 0x73, 0x4e, 0x76, 0x3b, 0x1b, 0xd8, 0x60, 0x30, 0x60, 0x36, 0x9b, 0x51, 0x55, 
  0x15, 0xa3, 0xd1, 0xc8, 0xc8, 0x91, 0x23, 0x79, 0xf0, 0xc1, 0x07, 0x75, 0xe7, 0x47, 0x45, 0x45, 
  0x05, 0x5b, 0xb6, 0x6c, 0xe1, 0xe3, 0x8f, 0x3f, 0x66, 0xd7, 0xae, 0x5d, 0xd8, 0x6c, 0xb6, 0x6e, 
  0x1b, 0x2f, 0x8c, 0x8e, 0x8e, 0xd6, 0x07, 0x7d, 0x77, 0x04, 0x64, 0xe0, 0x5a, 0x04, 0x16, 0x23, 
  0x33, 0xb0, 0x09, 0x79, 0x9d, 0xc0, 0x1a, 0x14, 0x1e, 0xc7, 0x45, 0x06, 0x17, 0xbe, 0xe8, 0x44, 
  0x51, 0x24, 0x24, 0x24, 0xa4, 0x91, 0x14, 0x0e, 0x0f, 0x0f, 0x67, 0xea, 0xd4, 0xa9, 0xdc, 0x7f, 
  0xff, 0xfd, 0x8c, 0x1b, 0x37, 0x8e, 0x90, 0x90, 0x10, 0x4a, 0x4b, 0x4b, 0x59, 0xb7, 0x6e, 0x1d, 
  0x4b, 0x97, 0x2e, 0x65, 0xfb, 0xf6, 0xed, 0xdd, 0xce, 0x4c, 0xea, 0x76, 0x04, 0x0e, 0x09, 0x09, 
  0x69, 0xb4, 0x33, 0x6b, 0xb3, 0x7b, 0x26, 0x4c, 0x98, 0xc0, 0xc3, 0x0f, 0x3f, 0xcc, 0xf4, 0xe9, 
  0xd3, 0x31, 0x9b, 0xcd, 0x94, 0x97, 0x97, 0xf3, 0xd2, 0x4b, 0x2f, 0xb1, 0x7c, 0xf9, 0xf2, 0x6e, 
  0x29, 0x7d, 0x01, 0xe2, 0xe3, 0xe3, 0xa9, 0xab, 0xab, 0xa3, 0xb8, 0xb8, 0xb8, 0xdd, 0xbf, 0x4b, 
  0x00, 0xa6, 0x37, 0xd8, 0xbc, 0xfd, 0xbc, 0x38, 0xac, 0xbe, 0x45, 0xe1, 0x57, 0xb8, 0xbc, 0xce, 
  0x6c, 0x3a, 0x5f, 0x68, 0x09, 0x1e, 0x16, 0x8b, 0x85, 0x99, 0x33, 0x67, 0x32, 0x7b, 0xf6, 0x6c, 
  0xae, 0xb8, 0xe2, 0x0a, 0x0c, 0x06, 0x03, 0x95, 0x95, 0x95, 0xac, 0x58, 0xb1, 0x82, 0x4f, 0x3f, 
  0xfd, 0x94, 0xdd, 0xbb, 0x77, 0xeb, 0x59, 0x5d, 0x36, 0x9b, 0xad, 0x5b, 0x49, 0xe1, 0x6e, 0x15, 
  0x07, 0x36, 0x18, 0x0c, 0xcd, 0xd4, 0x2a, 0x41, 0x10, 0x50, 0x14, 0x85, 0xad, 0x5b, 0xb7, 0xb2, 
  0x6f, 0xdf, 0x3e, 0xae, 0xbc, 0xf2, 0x4a, 0xe6, 0xcc, 0x99, 0x43, 0x8f, 0x1e, 0x3d, 0xd8, 0xb0, 
  0x61, 0x43, 0xb7, 0xdb, 0x91, 0x3d, 0x61, 0x30, 0x18, 0x3a, 0x44, 0xb3, 0x30, 0x00, 0xd7, 0x21, 
  0xb0, 0x10, 0x99, 0xa4, 0x86, 0x72, 0x09, 0x8d, 0xbc, 0x75, 0xa8, 0xfc, 0x2f, 0x2a, 0xcf, 0xe2, 
  0x22, 0xe7, 0x22, 0x7f, 0xaf, 0xd3, 0xe9, 0x24, 0x24, 0x24, 0x84, 0xdf, 0xfd, 0xee, 0x77, 0xdc, 
  0x76, 0xdb, 0x6d, 0x84, 0x84, 0x84, 0xe8, 0x69, 0xb2, 0x9f, 0x7d, 0xf6, 0x19, 0xfb, 0xf7, 0xef, 
  0xc7, 0xe1, 0x70, 0xe8, 0x43, 0xcc, 0xb5, 0xcd, 0xbc, 0x3b, 0x85, 0x09, 0xbb, 0x15, 0x81, 0x5b, 
  0x0a, 0x17, 0x69, 0x6a, 0x56, 0x6d, 0x6d, 0x2d, 0xab, 0x57, 0xaf, 0x66, 0xeb, 0xd6, 0xad, 0xf4, 
  0xec, 0xd9, 0x93, 0x13, 0x27, 0x4e, 0x74, 0xab, 0xdd, 0xd8, 0x13, 0x82, 0x20, 0xe8, 0x9e, 0xd7, 
  0xf6, 0x74, 0x64, 0x49, 0xc0, 0xf5, 0x08, 0x2c, 0x41, 0x26, 0xc1, 0xa3, 0xda, 0x49, 0x8b, 0xf3, 
  0xfe, 0x0f, 0x0a, 0xcf, 0xe0, 0xa6, 0x3d, 0x0a, 0xfc, 0x14, 0x45, 0xa1, 0xb6, 0xb6, 0x96, 0xd3, 
  0xa7, 0x4f, 0x53, 0x5b, 0x5b, 0xcb, 0xd7, 0x5f, 0x7f, 0xad, 0x13, 0xd7, 0xe5, 0x72, 0x35, 0x9a, 
  0x9a, 0x08, 0xe7, 0x9e, 0x49, 0x77, 0x22, 0x70, 0xb7, 0x51, 0xa1, 0x25, 0x49, 0xc2, 0x62, 0xb1, 
  0xf8, 0x5d, 0x89, 0xa2, 0xbd, 0xfc, 0xee, 0x4a, 0x60, 0x49, 0x92, 0x18, 0x34, 0x68, 0x90, 0x3e, 
  0xab, 0xa8, 0x3d, 0x16, 0xad, 0x36, 0x1d, 0x71, 0xa1, 0x87, 0xda, 0x0c, 0xe7, 0x24, 0xef, 0xff, 
  0x43, 0xe1, 0x79, 0xdc, 0x14, 0xd2, 0x7e, 0x8b, 0x4c, 0x10, 0x04, 0xfa, 0xf7, 0xef, 0x4f, 0xaf, 
  0x5e, 0xbd, 0x38, 0x74, 0xe8, 0x50, 0xab, 0xef, 0x53, 0x55, 0xd5, 0x0e, 0x9b, 0x53, 0xd5, 0x11, 
  0xe8, 0x36, 0x12, 0xd8, 0xdf, 0xda, 0x51, 0x38, 0x37, 0x84, 0xab, 0xbb, 0x92, 0x17, 0xea, 0x09, 
  0xac, 0x99, 0x13, 0xed, 0x51, 0x5e, 0x27, 0x03, 0x37, 0x21, 0xb2, 0xb0, 0xa1, 0x96, 0xb7, 0x31, 
  0x79, 0xe1, 0x33, 0x14, 0x5e, 0xc2, 0x4d, 0xc9, 0x45, 0xff, 0xe6, 0xc6, 0x50, 0x55, 0x95, 0xec, 
  0xec, 0x6c, 0x0a, 0x0a, 0x0a, 0xfc, 0x4e, 0xee, 0x90, 0x24, 0x29, 0x48, 0xe0, 0xae, 0x04, 0x6d, 
  0x1c, 0xa5, 0xa2, 0x28, 0x48, 0x92, 0xe4, 0xd7, 0x2e, 0xdc, 0x55, 0x3b, 0x4a, 0x9e, 0x2f, 0xb4, 
  0x71, 0x9c, 0x06, 0x83, 0x41, 0x9f, 0x69, 0xac, 0x65, 0x2c, 0x45, 0x46, 0x46, 0xea, 0xb9, 0xc4, 
  0x5a, 0x6b, 0xa0, 0x0b, 0xd9, 0xbc, 0x24, 0xe0, 0x46, 0x44, 0x16, 0x23, 0x11, 0xd7, 0x84, 0xbc, 
  0x2e, 0xe0, 0x53, 0xdc, 0xbc, 0x88, 0x9b, 0xb2, 0x8b, 0x70, 0x5f, 0xfe, 0xc0, 0xe5, 0x72, 0xf9, 
  0x3d, 0x6e, 0x45, 0x53, 0xa3, 0x2f, 0xf4, 0x19, 0x74, 0x15, 0x04, 0xbc, 0x0a, 0x2d, 0x08, 0x02, 
  0x11, 0x11, 0x11, 0xdc, 0x78, 0xe3, 0x8d, 0x9c, 0x3c, 0x79, 0x92, 0x8c, 0x8c, 0x0c, 0x7d, 0xa8, 
  0x74, 0x4b, 0x92, 0x47, 0x6b, 0xc6, 0x1e, 0xc8, 0xd0, 0x16, 0xa2, 0xd9, 0x6c, 0x26, 0x2c, 0x2c, 
  0x8c, 0x90, 0x90, 0x10, 0xbd, 0xc5, 0xaa, 0xb6, 0xa1, 0x69, 0x12, 0x49, 0xf3, 0xc0, 0x6a, 0x7d, 
  0xa3, 0xb4, 0x71, 0xa7, 0x55, 0x55, 0x55, 0xfa, 0x04, 0x41, 0x7f, 0x17, 0xb3, 0x09, 0xb8, 0x05, 
  0x91, 0x77, 0x91, 0x9a, 0xd9, 0xbc, 0xb5, 0xa8, 0x2c, 0x45, 0xe1, 0xcd, 0x0e, 0x24, 0xaf, 0x06, 
  0xb3, 0xd9, 0xec, 0x77, 0xb6, 0x55, 0x77, 0x52, 0xa3, 0x03, 0x9e, 0xc0, 0xa2, 0x28, 0x32, 0x63, 
  0xc6, 0x0c, 0xbe, 0xf8, 0xe2, 0x0b, 0x54, 0x55, 0x25, 0x3d, 0x3d, 0x9d, 0xf5, 0xeb, 0xd7, 0xb3, 
  0x66, 0xcd, 0x1a, 0x8e, 0x1e, 0x3d, 0x8a, 0xcb, 0xe5, 0x6a, 0xf4, 0x62, 0xbb, 0xc3, 0xcb, 0xb3, 
  0x58, 0x2c, 0xf4, 0xe8, 0xd1, 0x83, 0xc8, 0xc8, 0x48, 0x3d, 0xe6, 0x6d, 0xb7, 0xdb, 0xa9, 0xad, 
  0xad, 0xd5, 0x9b, 0xcd, 0x5b, 0x2c, 0x16, 0x7a, 0xf5, 0xea, 0x85, 0x20, 0x08, 0xe4, 0xe5, 0xe5, 
  0x61, 0xb7, 0xdb, 0x31, 0x18, 0x0c, 0x58, 0x2c, 0x16, 0x42, 0x42, 0x42, 0xf4, 0x56, 0xac, 0x76, 
  0xbb, 0x9d, 0xf2, 0xf2, 0x72, 0xca, 0xca, 0xca, 0xa8, 0xa9, 0xf1, 0x5d, 0x70, 0x28, 0x00, 0x77, 
  0x21, 0xb2, 0x00, 0x89, 0xd8, 0x26, 0xe4, 0x75, 0x03, 0xbf, 0xc3, 0xcd, 0x3b, 0xb8, 0xa9, 0x6c, 
  0xe7, 0xfb, 0xf7, 0x06, 0x59, 0x96, 0x5b, 0xed, 0x4c, 0xa9, 0x45, 0x1c, 0xe2, 0xe3, 0xe3, 0x11, 
  0x04, 0x81, 0x53, 0xa7, 0x4e, 0x75, 0xd4, 0xe5, 0xb5, 0x1b, 0x02, 0x9e, 0xc0, 0x92, 0x24, 0x71, 
  0xfb, 0xed, 0xb7, 0xf3, 0xcc, 0x33, 0xcf, 0x90, 0x9c, 0x9c, 0x4c, 0x44, 0x44, 0x04, 0x2e, 0x97, 
  0x8b, 0xb2, 0xb2, 0x32, 0xd2, 0xd3, 0xd3, 0x59, 0xb3, 0x66, 0x0d, 0x5b, 0xb7, 0x6e, 0xe5, 0xf4, 
  0xe9, 0xd3, 0x7a, 0x33, 0xf6, 0x40, 0xac, 0x4e, 0xd1, 0xaa, 0xab, 0x62, 0x62, 0x62, 0x88, 0x8c, 
  0x8c, 0x44, 0x10, 0x04, 0x6a, 0x6b, 0x6b, 0xa9, 0xa8, 0xa8, 0xa0, 0xaa, 0xaa, 0x4a, 0x6f, 0xba, 
  0xa7, 0x6d, 0x4c, 0xb1, 0xb1, 0xb1, 0xf4, 0xe9, 0xd3, 0x07, 0xa0, 0x51, 0xa3, 0x37, 0x51, 0x14, 
  0x11, 0x45, 0x11, 0xa3, 0xd1, 0x48, 0x58, 0x58, 0x18, 0x11, 0x11, 0x11, 0x84, 0x84, 0x84, 0x00, 
  0x50, 0x5e, 0x5e, 0x4e, 0x51, 0x51, 0x91, 0x57, 0xe7, 0x9e, 0x11, 0xf8, 0x09, 0x22, 0x6f, 0x7b, 
  0x91, 0xbc, 0x15, 0xa8, 0xbc, 0x8b, 0xc2, 0xfb, 0x0d, 0xe4, 0xed, 0x8c, 0x05, 0xe5, 0xad, 0xfa, 
  0x4c, 0xeb, 0x33, 0x6d, 0x36, 0x9b, 0x49, 0x4c, 0x4c, 0x64, 0xdc, 0xb8, 0x71, 0x4c, 0x99, 0x32, 
  0x85, 0x2b, 0xae, 0xb8, 0x82, 0x35, 0x6b, 0xd6, 0x30, 0x77, 0xee, 0xdc, 0x80, 0xde, 0xc8, 0xa1, 
  0x1b, 0x10, 0x58, 0x96, 0x65, 0x2c, 0x16, 0x0b, 0x11, 0x11, 0x11, 0x0c, 0x1f, 0x3e, 0x9c, 0xa9, 
  0x53, 0xa7, 0x32, 0x7d, 0xfa, 0x74, 0x06, 0x0c, 0x18, 0x80, 0xc5, 0x62, 0x41, 0x55, 0x55, 0x0a, 
  0x0a, 0x0a, 0x38, 0x72, 0xe4, 0x08, 0x0b, 0x16, 0x2c, 0x60, 0xf5, 0xea, 0xd5, 0x01, 0x17, 0x46, 
  0x90, 0x65, 0x99, 0xd8, 0xd8, 0x58, 0x7a, 0xf6, 0xec, 0x89, 0x24, 0x49, 0x94, 0x97, 0x97, 0x53, 
  0x5c, 0x5c, 0x4c, 0x6d, 0x6d, 0xad, 0xd7, 0x7b, 0xd1, 0xf2, 0xc1, 0x3d, 0x25, 0x70, 0x4e, 0x8e, 
  0xf7, 0x28, 0xac, 0x96, 0xd1, 0xd4, 0xb3, 0x67, 0x4f, 0x22, 0x23, 0x23, 0x51, 0x55, 0x95, 0xe2, 
  0xe2, 0x62, 0x0a, 0x0b, 0x0b, 0x75, 0x89, 0x25, 0x53, 0xdf, 0x3c, 0xef, 0xff, 0x22, 0x11, 0xd3, 
  0x84, 0xbc, 0xd5, 0xa8, 0xbc, 0x8e, 0xc2, 0x07, 0xb8, 0xb1, 0xd1, 0xb9, 0x8b, 0x49, 0x9b, 0x21, 
  0xac, 0x28, 0x0a, 0x26, 0x93, 0x89, 0x81, 0x03, 0x07, 0x72, 0xcd, 0x35, 0xd7, 0x30, 0x79, 0xf2, 
  0x64, 0x52, 0x53, 0x53, 0x49, 0x48, 0x48, 0x40, 0x14, 0x45, 0x9c, 0x4e, 0x27, 0x9b, 0x37, 0x6f, 
  0x66, 0xd6, 0xac, 0x59, 0x54, 0x56, 0x56, 0x06, 0xb4, 0x2d, 0x1c, 0xf0, 0x04, 0xd6, 0xb2, 0x71, 
  0x00, 0xbd, 0x0f, 0x52, 0x58, 0x58, 0x18, 0x97, 0x5d, 0x76, 0x19, 0x33, 0x67, 0xce, 0x64, 0xe2, 
  0xc4, 0x89, 0x0c, 0x18, 0x30, 0x00, 0x41, 0x10, 0xb8, 0xe3, 0x8e, 0x3b, 0x58, 0xb3, 0x66, 0x4d, 
  0x40, 0xbd, 0x30, 0xab, 0xd5, 0x4a, 0x62, 0x62, 0x22, 0xa1, 0xa1, 0xa1, 0x54, 0x56, 0x56, 0x92, 
  0x9f, 0x9f, 0x4f, 0x4d, 0x4d, 0x8d, 0x4f, 0xc9, 0x21, 0x8a, 0x22, 0x49, 0x49, 0x49, 0x44, 0x45, 
  0x45, 0x21, 0x08, 0x02, 0x25, 0x25, 0x25, 0x64, 0x64, 0x64, 0xf8, 0xfc, 0x1e, 0x41, 0x10, 0xb0, 
  0x5a, 0xad, 0xc4, 0xc5, 0xc5, 0x11, 0x1e, 0x1e, 0x4e, 0x6d, 0x6d, 0x2d, 0xd9, 0xd9, 0xd9, 0xd4, 
  0x55, 0x57, 0x33, 0xab, 0x81, 0xbc, 0xbd, 0x9a, 0x90, 0xb7, 0x0c, 0x95, 0xd7, 0x71, 0xf3, 0xb1, 
  0x97, 0x4e, 0x98, 0x9d, 0x01, 0x49, 0x92, 0x88, 0x88, 0x88, 0xe0, 0xa7, 0x3f, 0xfd, 0x29, 0x37, 
  0xdf, 0x7c, 0x33, 0xa3, 0x46, 0x8d, 0x22, 0x34, 0x34, 0x54, 0x37, 0x15, 0xce, 0x9e, 0x3d, 0xcb, 
  0xde, 0xbd, 0x7b, 0x59, 0xb7, 0x6e, 0x1d, 0xdb, 0xb6, 0x6d, 0x23, 0x23, 0x23, 0x23, 0xe0, 0xb3, 
  0xf0, 0x02, 0x9a, 0xc0, 0x2d, 0x15, 0xed, 0x6b, 0x0e, 0x1b, 0x59, 0x96, 0xe9, 0xd1, 0xa3, 0x07, 
  0x69, 0x69, 0x69, 0x24, 0x27, 0x27, 0xf3, 0xd9, 0x67, 0x9f, 0x51, 0x5e, 0x5e, 0x1e, 0x10, 0x04, 
  0x16, 0x04, 0x81, 0xa8, 0xa8, 0x28, 0x12, 0x12, 0x12, 0x10, 0x04, 0x81, 0x82, 0x82, 0x02, 0x4a, 
  0x4a, 0x4a, 0xfc, 0xf2, 0x9e, 0x8b, 0xa2, 0x48, 0x4a, 0x4a, 0x0a, 0xa1, 0xa1, 0xa1, 0x00, 0x54, 
  0x57, 0x57, 0x73, 0xe2, 0xc4, 0x09, 0xbf, 0xd4, 0x45, 0x49, 0x92, 0xe8, 0xd1, 0xa3, 0x07, 0xbd, 
  0x7b, 0xf7, 0x46, 0x50, 0x55, 0xae, 0x3c, 0x7d, 0x96, 0x79, 0x35, 0xb6, 0x46, 0x92, 0x57, 0xa1, 
  0xbe, 0x41, 0xfc, 0xab, 0xb8, 0xf9, 0x14, 0x85, 0x3a, 0xba, 0xc6, 0x22, 0x12, 0x04, 0x81, 0xf0, 
  0xf0, 0x70, 0xfe, 0xf1, 0x8f, 0x7f, 0x70, 0xf5, 0xd5, 0x57, 0x53, 0x51, 0x51, 0x41, 0x76, 0x76, 
  0x36, 0x5b, 0xb6, 0x6c, 0x61, 0xe3, 0xc6, 0x8d, 0x1c, 0x38, 0x70, 0x40, 0xd7, 0x2c, 0x04, 0x41, 
  0xc0, 0xed, 0x76, 0x07, 0xa4, 0x39, 0xe5, 0x89, 0x80, 0x26, 0xb0, 0xb7, 0x84, 0xf6, 0xa6, 0xd0, 
  0xaa, 0x71, 0xb4, 0xd0, 0x51, 0xa0, 0xa4, 0x4e, 0xc6, 0xc6, 0xc6, 0x92, 0x98, 0x98, 0x88, 0xdd, 
  0x6e, 0x27, 0x2b, 0x2b, 0x8b, 0xaa, 0xaa, 0x2a, 0xbf, 0x3f, 0x2b, 0x49, 0x12, 0x43, 0x87, 0x0e, 
  0xd5, 0xc7, 0x6f, 0xda, 0xed, 0x76, 0x8e, 0x1f, 0x3f, 0xee, 0xf7, 0xbd, 0x0b, 0xd4, 0x4b, 0xfe, 
  0xb9, 0x11, 0x91, 0x3c, 0x57, 0x58, 0x4a, 0x84, 0xcb, 0xdd, 0x88, 0xbc, 0x65, 0xa8, 0xfc, 0x06, 
  0xb7, 0x3e, 0xb6, 0xa5, 0x2b, 0x2d, 0x20, 0x59, 0x96, 0x79, 0xe4, 0x91, 0x47, 0xe8, 0xd7, 0xaf, 
  0x1f, 0x6b, 0xd7, 0xae, 0x65, 0xdf, 0xbe, 0x7d, 0x54, 0x54, 0x54, 0x20, 0x8a, 0x22, 0xb2, 0x2c, 
  0x37, 0xda, 0xbc, 0x55, 0x55, 0xa5, 0xa6, 0xa6, 0x26, 0x20, 0x36, 0xf4, 0x96, 0x10, 0xd0, 0x71, 
  0xe0, 0xa6, 0xa9, 0x72, 0xde, 0xa0, 0xaa, 0xaa, 0x1e, 0x1b, 0x0e, 0x84, 0xd0, 0x91, 0x20, 0x08, 
  0xc4, 0xc4, 0xc4, 0x10, 0x1f, 0x1f, 0x4f, 0x4d, 0x4d, 0x0d, 0x67, 0xcf, 0x9e, 0xc5, 0x6e, 0xb7, 
  0xb7, 0xe9, 0x1c, 0x9e, 0x49, 0x1c, 0xda, 0xfd, 0x4b, 0x92, 0xe4, 0x37, 0x81, 0x4d, 0xc0, 0x3d, 
  0x35, 0x36, 0x9e, 0xaa, 0x75, 0x12, 0xa1, 0xd2, 0x88, 0xbc, 0xd9, 0xa8, 0xbc, 0x88, 0x9b, 0xbf, 
  0xa3, 0xd0, 0x15, 0xb7, 0x42, 0x55, 0x55, 0xf9, 0xe2, 0x8b, 0x2f, 0x70, 0xbb, 0xdd, 0x3a, 0x31, 
  0xb5, 0x28, 0x44, 0x53, 0xa2, 0x6a, 0xa1, 0xb6, 0x40, 0xf3, 0x89, 0x78, 0x22, 0xa0, 0x09, 0xdc, 
  0x96, 0x7e, 0x57, 0x5a, 0x2c, 0xb4, 0xab, 0xa3, 0x47, 0x8f, 0x1e, 0xf4, 0xe9, 0xd3, 0x87, 0xaa, 
  0xaa, 0x2a, 0x32, 0x32, 0x32, 0xce, 0x4b, 0x63, 0x68, 0x5a, 0xd4, 0x21, 0x49, 0x92, 0x5f, 0x6d, 
  0x85, 0xa0, 0x9e, 0xac, 0x3f, 0x43, 0xe4, 0x2d, 0x24, 0x22, 0x9b, 0x90, 0xb7, 0x10, 0x95, 0xa7, 
  0x71, 0xf3, 0x8d, 0xc7, 0xc0, 0xb4, 0xae, 0x06, 0xad, 0xb3, 0x8a, 0x3f, 0x9b, 0x3b, 0xd4, 0x3f, 
  0x9b, 0x40, 0x26, 0x70, 0x40, 0xb7, 0xd4, 0x69, 0x0b, 0x81, 0x3d, 0x77, 0xe4, 0xae, 0x8a, 0xb0, 
  0xb0, 0x30, 0x12, 0x12, 0x12, 0xb0, 0xd9, 0x6c, 0x7a, 0xf7, 0x90, 0xd6, 0xda, 0xe2, 0x7a, 0x83, 
  0xc1, 0x60, 0xd0, 0x17, 0xaf, 0x96, 0xd4, 0xe1, 0x4f, 0x92, 0x83, 0x09, 0x78, 0x18, 0x91, 0xf9, 
  0x48, 0x44, 0x36, 0xb2, 0x79, 0x55, 0xb2, 0x8c, 0x32, 0xaf, 0x0d, 0xe8, 0xcb, 0xba, 0x88, 0xb0, 
  0x2e, 0x4b, 0x5e, 0x38, 0x37, 0xe4, 0xcc, 0x5f, 0x04, 0xfa, 0x6c, 0xe1, 0x80, 0x25, 0xb0, 0xb6, 
  0x30, 0xfd, 0x45, 0x57, 0xdf, 0x65, 0x0d, 0x06, 0x03, 0x09, 0x09, 0x09, 0x00, 0x8d, 0xd4, 0x66, 
  0x51, 0x14, 0xf5, 0xf0, 0x51, 0x5b, 0xce, 0xd5, 0xf4, 0xd9, 0xb4, 0x96, 0x6a, 0x68, 0x02, 0x1e, 
  0x42, 0xe4, 0xcd, 0x26, 0xa1, 0x22, 0x05, 0x38, 0x0d, 0x3c, 0x21, 0xaa, 0x6c, 0xb1, 0x86, 0x10, 
  0x1f, 0x1f, 0xaf, 0xdb, 0xd6, 0x5d, 0x15, 0x6d, 0x89, 0xed, 0xfa, 0x2b, 0xa9, 0xbb, 0x2a, 0x02, 
  0x96, 0xc0, 0xa2, 0x28, 0x32, 0x7a, 0xf4, 0x68, 0x86, 0x0c, 0x19, 0x42, 0x54, 0x54, 0x14, 0xb2, 
  0x2c, 0xe3, 0x76, 0xbb, 0x71, 0xbb, 0xdd, 0xcd, 0xf2, 0x5c, 0xbb, 0xfa, 0x98, 0x0d, 0x41, 0x10, 
  0xe8, 0xd5, 0xab, 0x17, 0x56, 0xab, 0x95, 0xbc, 0xbc, 0xbc, 0x46, 0x19, 0x51, 0x5a, 0xb7, 0x90, 
  0xfe, 0xfd, 0xfb, 0x63, 0x36, 0x9b, 0xfd, 0x3a, 0x9f, 0x36, 0xc5, 0xc0, 0xf3, 0xfc, 0xbe, 0x06, 
  0x9a, 0x1b, 0x81, 0x39, 0x88, 0xbc, 0xda, 0x4c, 0xf2, 0xd6, 0xf7, 0x6c, 0x7e, 0x10, 0x17, 0xff, 
  0xb4, 0xdb, 0xc8, 0xcb, 0xcd, 0xc5, 0x64, 0x36, 0x13, 0x1b, 0x1b, 0xdb, 0xa5, 0x17, 0xbd, 0xbf, 
  0x9b, 0xb5, 0x66, 0x03, 0x77, 0xe5, 0x7b, 0x69, 0x0d, 0x01, 0x69, 0x03, 0x0b, 0x82, 0x40, 0x6c, 
  0x6c, 0x2c, 0xef, 0xbf, 0xff, 0x3e, 0x3d, 0x7b, 0xf6, 0xa4, 0xb2, 0xb2, 0x52, 0x9f, 0x6b, 0xa4, 
  0xfd, 0x64, 0x65, 0x65, 0x51, 0x52, 0x52, 0x42, 0x4d, 0x4d, 0x4d, 0x97, 0x4f, 0x9d, 0xb4, 0x5a, 
  0xad, 0x44, 0x47, 0x47, 0x53, 0x5e, 0x5e, 0x4e, 0x69, 0x69, 0x69, 0xb3, 0xff, 0x2f, 0x2d, 0x2d, 
  0xc5, 0x64, 0x32, 0xd1, 0xbf, 0x7f, 0x7f, 0x72, 0x72, 0x72, 0xa8, 0xaa, 0xaa, 0xf2, 0x69, 0x0e, 
  0x78, 0x53, 0x97, 0x8d, 0x46, 0xa3, 0xd7, 0xba, 0x60, 0x2b, 0xf0, 0x08, 0x22, 0xcf, 0x37, 0x21, 
  0xaf, 0x0a, 0x1c, 0x40, 0xe1, 0x71, 0xdc, 0x7a, 0xc3, 0xf5, 0xd2, 0xd2, 0x52, 0xc2, 0xc2, 0xc2, 
  0xe8, 0xd9, 0xb3, 0x27, 0x15, 0x15, 0x15, 0x54, 0x56, 0x76, 0x46, 0xd2, 0x64, 0xeb, 0xd0, 0xfc, 
  0x1d, 0x1a, 0x31, 0xbd, 0x3d, 0x2b, 0x6d, 0x72, 0x83, 0xd9, 0x6c, 0x0e, 0xd8, 0xec, 0x3c, 0x08, 
  0x50, 0x02, 0x03, 0xf4, 0xed, 0xdb, 0x17, 0x80, 0x88, 0x88, 0x08, 0xe2, 0xe3, 0xe3, 0x19, 0x3a, 
  0x74, 0x28, 0x53, 0xa7, 0x4e, 0x05, 0xea, 0x77, 0xe0, 0xf2, 0xf2, 0x72, 0x72, 0x72, 0x72, 0xd8, 
  0xbe, 0x7d, 0x3b, 0x2f, 0xbf, 0xfc, 0x72, 0xab, 0x79, 0xbe, 0x9d, 0x89, 0xd8, 0xd8, 0x58, 0x44, 
  0x51, 0x24, 0x2f, 0x2f, 0xcf, 0xab, 0xf4, 0x50, 0x14, 0x85, 0xfc, 0xfc, 0x7c, 0x2c, 0x16, 0x0b, 
  0xc9, 0xc9, 0xc9, 0xe4, 0xe4, 0xe4, 0x50, 0x5c, 0x5c, 0xec, 0x75, 0x53, 0xd2, 0x16, 0xa6, 0x27, 
  0xb4, 0xfe, 0x60, 0x4d, 0x25, 0x8d, 0x0c, 0xfc, 0xb2, 0x81, 0xbc, 0x61, 0x0d, 0xe4, 0xd5, 0x5a, 
  0xe0, 0x1c, 0x41, 0xe5, 0x61, 0xdc, 0xec, 0xf0, 0x98, 0x96, 0xa0, 0xaa, 0x2a, 0x85, 0x85, 0x85, 
  0x44, 0x44, 0x44, 0xd0, 0xab, 0x57, 0x2f, 0x6a, 0x6a, 0x6a, 0xba, 0xa4, 0x69, 0xa2, 0x69, 0x5c, 
  0x1a, 0x71, 0xcd, 0x66, 0x33, 0x91, 0x91, 0x91, 0xf4, 0xee, 0xdd, 0x9b, 0x84, 0x84, 0x04, 0x92, 
  0x92, 0x92, 0x18, 0x30, 0x60, 0x00, 0xf1, 0xf1, 0xf1, 0xc4, 0xc6, 0xc6, 0xf2, 0xc2, 0x0b, 0x2f, 
  0xb0, 0x61, 0xc3, 0x86, 0x4e, 0xbe, 0xea, 0xf3, 0x43, 0x40, 0x12, 0x58, 0x55, 0x55, 0x0e, 0x1f, 
  0x3e, 0xcc, 0x6d, 0xb7, 0xdd, 0x46, 0xaf, 0x5e, 0xbd, 0x48, 0x4a, 0x4a, 0x62, 0xe0, 0xc0, 0x81, 
  0xa4, 0xa4, 0xa4, 0x30, 0x60, 0xc0, 0x00, 0x62, 0x62, 0x62, 0x08, 0x0f, 0x0f, 0x67, 0xe0, 0xc0, 
  0x81, 0x9c, 0x3c, 0x79, 0xb2, 0x4b, 0xef, 0xae, 0xa1, 0xa1, 0xa1, 0x84, 0x87, 0x87, 0x53, 0x5c, 
  0x5c, 0xec, 0xf3, 0x3a, 0xdd, 0x6e, 0x37, 0x39, 0x39, 0x39, 0x0c, 0x18, 0x30, 0x80, 0x84, 0x84, 
  0x04, 0x2c, 0x16, 0x0b, 0x79, 0x79, 0x79, 0xcd, 0x32, 0x89, 0xbc, 0x79, 0x9c, 0x35, 0x27, 0x96, 
  0x67, 0xc8, 0x24, 0x0c, 0xf8, 0x15, 0x22, 0x4f, 0x79, 0x21, 0xef, 0x2e, 0x14, 0x7e, 0x89, 0x9b, 
  0x1f, 0xbc, 0x8c, 0x3a, 0xb1, 0xd9, 0x6c, 0x14, 0x17, 0x17, 0x13, 0x1b, 0x1b, 0x4b, 0x68, 0x68, 
  0x68, 0xbb, 0x36, 0xcc, 0x6b, 0x8b, 0x6a, 0xdb, 0x54, 0xca, 0x3a, 0x9d, 0x4e, 0x6e, 0xba, 0xe9, 
  0x26, 0xee, 0xbe, 0xfb, 0x6e, 0xfa, 0xf6, 0xed, 0x4b, 0x6c, 0x6c, 0xac, 0x5e, 0xb1, 0x65, 0x32, 
  0x99, 0xf4, 0x4d, 0xce, 0xe1, 0x70, 0x10, 0x13, 0x13, 0x73, 0x51, 0xaf, 0xbb, 0x23, 0x11, 0x90, 
  0x04, 0xd6, 0xb2, 0x68, 0x8a, 0x8a, 0x8a, 0x28, 0x28, 0x28, 0x20, 0x3d, 0x3d, 0x1d, 0xa8, 0x5f, 
  0xbc, 0x26, 0x93, 0x89, 0xa8, 0xa8, 0x28, 0x62, 0x63, 0x63, 0x49, 0x4a, 0x4a, 0x22, 0x3f, 0x3f, 
  0xbf, 0x59, 0x1c, 0xd5, 0x73, 0x61, 0x5c, 0xa8, 0x67, 0xba, 0xe9, 0x22, 0x6b, 0xcb, 0xf9, 0x44, 
  0x51, 0x24, 0x3a, 0x3a, 0x1a, 0x55, 0x55, 0x29, 0x2d, 0x2d, 0x6d, 0xf5, 0xb3, 0x76, 0xbb, 0x9d, 
  0xec, 0xec, 0x6c, 0x92, 0x92, 0x92, 0xe8, 0xd9, 0xb3, 0x27, 0x16, 0x8b, 0x85, 0xac, 0xac, 0xac, 
  0x46, 0xda, 0x85, 0x67, 0xc2, 0x82, 0xe7, 0xb5, 0x49, 0x92, 0x84, 0x41, 0x96, 0x71, 0x39, 0x9d, 
  0x98, 0x80, 0xa7, 0x10, 0x79, 0x06, 0x09, 0x6b, 0x13, 0xf2, 0xee, 0x41, 0x61, 0x2e, 0x6e, 0xf6, 
  0xf8, 0x98, 0x53, 0x54, 0x52, 0x52, 0x42, 0xcf, 0x9e, 0x3d, 0x89, 0x8e, 0x8e, 0x6e, 0x37, 0x02, 
  0xb7, 0x25, 0xf4, 0x05, 0xcd, 0x1b, 0xf3, 0xbb, 0xdd, 0x6e, 0x06, 0x0f, 0x1e, 0xcc, 0xcd, 0x37, 
  0xdf, 0xac, 0x4b, 0xe4, 0xba, 0xba, 0x3a, 0x8a, 0x8a, 0x8a, 0xc8, 0xca, 0xca, 0x22, 0x33, 0x33, 
  0x93, 0x33, 0x67, 0xce, 0x70, 0xf6, 0xec, 0x59, 0x76, 0xef, 0xde, 0xdd, 0x1e, 0xb7, 0xd0, 0x21, 
  0x08, 0x48, 0x02, 0xc3, 0x39, 0xe2, 0x34, 0x0d, 0xb1, 0x38, 0x1c, 0x0e, 0xf2, 0xf3, 0xf3, 0xc9, 
  0xcf, 0xcf, 0x27, 0x3d, 0x3d, 0xbd, 0x99, 0x03, 0xcb, 0x64, 0x32, 0x11, 0x1d, 0x1d, 0xad, 0xff, 
  0xbb, 0xbc, 0xbc, 0x9c, 0xda, 0xda, 0xe6, 0x99, 0xbc, 0x4d, 0xcf, 0xab, 0xa5, 0x67, 0x36, 0x45, 
  0x54, 0x54, 0x94, 0xee, 0x5c, 0xb2, 0xdb, 0xed, 0x5e, 0x6d, 0xd8, 0x96, 0x60, 0x30, 0x18, 0x88, 
  0x88, 0x88, 0xa0, 0xba, 0xba, 0xda, 0x2f, 0x2d, 0x41, 0x55, 0x55, 0x2a, 0x2a, 0x2a, 0x28, 0x28, 
  0x28, 0x20, 0x3e, 0x3e, 0x1e, 0xab, 0xd5, 0xca, 0x80, 0x01, 0x03, 0xc8, 0xc9, 0xc9, 0xa1, 0xbc, 
  0xbc, 0x5c, 0x6f, 0x68, 0xe0, 0x2d, 0xec, 0x24, 0x08, 0x02, 0x46, 0x93, 0x09, 0xd1, 0x66, 0xe3, 
  0x69, 0x44, 0x9e, 0xf4, 0x42, 0xde, 0xad, 0x28, 0x3c, 0x82, 0x9b, 0x23, 0x2d, 0x90, 0x57, 0x83, 
  0xc3, 0xe1, 0xa0, 0xa2, 0xa2, 0x82, 0x88, 0x88, 0x08, 0xcc, 0x66, 0x73, 0x9b, 0x13, 0x4d, 0x5a, 
  0x83, 0x96, 0xb7, 0x7e, 0xeb, 0xad, 0xb7, 0xfa, 0xfd, 0x99, 0x8c, 0x8c, 0x0c, 0x7e, 0xfb, 0xdb, 
  0xdf, 0x36, 0xf2, 0x0f, 0xa4, 0xa7, 0xa7, 0xf3, 0xfe, 0xfb, 0xef, 0x73, 0xfa, 0xf4, 0x69, 0xce, 
  0x9c, 0x39, 0x43, 0x76, 0x76, 0x36, 0xc5, 0xc5, 0xc5, 0x54, 0x57, 0x57, 0xe3, 0x74, 0x3a, 0xf5, 
  0x6a, 0xa5, 0xae, 0x1e, 0x5e, 0xf4, 0x85, 0x80, 0x24, 0xb0, 0xbf, 0x21, 0xa4, 0xa6, 0x4e, 0x0c, 
  0x41, 0x10, 0x18, 0x30, 0x60, 0x00, 0xcb, 0x96, 0x2d, 0xd3, 0x4b, 0xe8, 0x16, 0x2f, 0x5e, 0xcc, 
  0x1f, 0xff, 0xf8, 0xc7, 0x46, 0x2f, 0x31, 0x39, 0x39, 0x99, 0x17, 0x5e, 0x78, 0x41, 0x97, 0x00, 
  0x82, 0x20, 0xb0, 0x73, 0xe7, 0x4e, 0x3e, 0xf8, 0xe0, 0x83, 0x46, 0xc7, 0x59, 0x2c, 0x16, 0x16, 
  0x2c, 0x58, 0xc0, 0x88, 0x11, 0x23, 0x00, 0xf8, 0xf2, 0xcb, 0x2f, 0x79, 0xfb, 0xed, 0xb7, 0xfd, 
  0xbe, 0x0f, 0xab, 0xd5, 0x8a, 0xd1, 0x68, 0x24, 0x27, 0x27, 0xa7, 0x4d, 0x4e, 0xb6, 0xa2, 0xa2, 
  0x22, 0x2c, 0x16, 0x0b, 0x51, 0x51, 0x51, 0x18, 0x8d, 0x46, 0xfa, 0xf5, 0xeb, 0x87, 0xc5, 0x62, 
  0xa1, 0xa0, 0xa0, 0x40, 0x27, 0x70, 0xd3, 0xe7, 0x23, 0x0a, 0x02, 0x91, 0x46, 0x23, 0xbf, 0x40, 
  0xe2, 0x49, 0x44, 0x42, 0x3c, 0xc8, 0xeb, 0x06, 0x36, 0xa1, 0xf0, 0x04, 0x6e, 0x0e, 0xb7, 0x42, 
  0x5e, 0xa8, 0x7f, 0x9e, 0x65, 0x65, 0x65, 0x44, 0x45, 0x45, 0x11, 0x16, 0x16, 0x76, 0xd1, 0x09, 
  0x0c, 0x90, 0x9a, 0x9a, 0xca, 0x1d, 0x77, 0xdc, 0xe1, 0xd3, 0x11, 0xe5, 0x89, 0x3d, 0x7b, 0xf6, 
  0xf0, 0xde, 0x7b, 0xef, 0x51, 0x5d, 0x5d, 0xad, 0x6b, 0x1f, 0x9b, 0x37, 0x6f, 0x6e, 0xd6, 0xcc, 
  0x5d, 0x5b, 0x3b, 0x82, 0x20, 0xe8, 0xa1, 0xb9, 0xae, 0xec, 0xe0, 0x6c, 0x0d, 0x01, 0x49, 0xe0, 
  0xb6, 0xc0, 0x53, 0x72, 0xaa, 0xaa, 0x4a, 0x4e, 0x4e, 0x0e, 0x11, 0x11, 0x11, 0xa4, 0xa6, 0xa6, 
  0x02, 0x70, 0xe5, 0x95, 0x57, 0xf2, 0xc7, 0x3f, 0xfe, 0x51, 0x3f, 0x5e, 0x14, 0x45, 0x2e, 0xbb, 
  0xec, 0x32, 0x66, 0xcf, 0x9e, 0xad, 0x2f, 0x04, 0x55, 0x55, 0x49, 0x49, 0x49, 0xe1, 0xa3, 0x8f, 
  0x3e, 0x6a, 0xa4, 0xa6, 0xf5, 0xec, 0xd9, 0x93, 0xe9, 0xd3, 0xa7, 0x13, 0x1b, 0x1b, 0x0b, 0xc0, 
  0xa2, 0x45, 0x8b, 0xda, 0xb4, 0xa3, 0x87, 0x87, 0x87, 0xe3, 0x72, 0xb9, 0xda, 0x94, 0xe7, 0x0c, 
  0xf5, 0xea, 0x61, 0x76, 0x76, 0x36, 0x66, 0xb3, 0x59, 0xcf, 0x05, 0x8f, 0x8b, 0x8b, 0xc3, 0x6c, 
  0x36, 0x53, 0x53, 0x53, 0x83, 0x28, 0x8a, 0x28, 0x8a, 0x82, 0xdb, 0xed, 0x3e, 0x17, 0x2a, 0x11, 
  0x45, 0x9e, 0x71, 0xab, 0xfc, 0x0c, 0x11, 0x8b, 0x07, 0x79, 0x15, 0xe0, 0xdf, 0x28, 0x3c, 0x8c, 
  0x9b, 0xb3, 0x7e, 0x90, 0x57, 0x83, 0xd6, 0xc9, 0x23, 0x3c, 0x3c, 0x9c, 0x92, 0x92, 0x92, 0x8b, 
  0x4e, 0x02, 0xed, 0xd9, 0x6b, 0x76, 0x7b, 0x69, 0x69, 0xa9, 0xcf, 0xef, 0xd0, 0x8a, 0x54, 0x3c, 
  0xdf, 0xb5, 0x76, 0x8e, 0xd6, 0x36, 0x7b, 0xed, 0x7b, 0x02, 0x91, 0xc8, 0x01, 0x49, 0xe0, 0xb6, 
  0x26, 0x71, 0x78, 0xc2, 0x6e, 0xb7, 0xb3, 0x7b, 0xf7, 0x6e, 0x52, 0x53, 0x53, 0x11, 0x04, 0x81, 
  0xa1, 0x43, 0x87, 0x12, 0x12, 0x12, 0xa2, 0xdb, 0x91, 0xaa, 0xaa, 0x32, 0x72, 0xe4, 0xc8, 0x46, 
  0x0b, 0x41, 0x10, 0x04, 0xfa, 0xf5, 0xeb, 0x47, 0x9f, 0x3e, 0x7d, 0xc8, 0xc8, 0xc8, 0xd0, 0xfb, 
  0x0b, 0x0f, 0x1b, 0x36, 0x8c, 0xf0, 0xf0, 0x70, 0x00, 0x4a, 0x4a, 0x4a, 0xd8, 0xb3, 0x67, 0x8f, 
  0xdf, 0xe4, 0xd5, 0xba, 0x68, 0x9e, 0xaf, 0x27, 0xd7, 0xe9, 0x74, 0x92, 0x95, 0x95, 0x45, 0xff, 
  0xfe, 0xfd, 0xf5, 0x24, 0x8d, 0xc8, 0xc8, 0x48, 0xc2, 0xc2, 0xc2, 0x08, 0x0d, 0x0d, 0x65, 0xf0, 
  0xe0, 0xc1, 0xf5, 0x89, 0x21, 0xaa, 0x4a, 0xf6, 0xd9, 0xb3, 0x4c, 0xdc, 0xb2, 0x95, 0x59, 0x65, 
  0x95, 0x8d, 0xc8, 0xeb, 0xa6, 0xbe, 0xe1, 0xfa, 0xb3, 0xb8, 0xc8, 0xa4, 0x6d, 0x45, 0x09, 0x4e, 
  0xa7, 0x93, 0xda, 0xda, 0x5a, 0xac, 0x56, 0x2b, 0xb2, 0x2c, 0xb7, 0x5b, 0x59, 0x9e, 0x56, 0xcf, 
  0x7d, 0xdf, 0x7d, 0xf7, 0x91, 0x9f, 0x9f, 0xdf, 0xe2, 0xf3, 0xb5, 0xd9, 0x6c, 0x8d, 0xe6, 0x3a, 
  0x07, 0xb2, 0x5a, 0xdc, 0x16, 0x04, 0x2c, 0x81, 0xfd, 0x45, 0xd3, 0x17, 0xe9, 0x72, 0xb9, 0xd8, 
  0xb1, 0x63, 0x07, 0xf7, 0xde, 0x7b, 0x2f, 0xa2, 0x28, 0xea, 0xa1, 0x85, 0x93, 0x27, 0x4f, 0xea, 
  0xe1, 0x96, 0xb4, 0xb4, 0x34, 0x04, 0x41, 0xa0, 0xbc, 0xbc, 0x9c, 0x92, 0x92, 0x12, 0x06, 0x0c, 
  0x18, 0x80, 0xd5, 0x6a, 0x65, 0xd8, 0xb0, 0x61, 0x9c, 0x39, 0x73, 0x46, 0xb7, 0xab, 0xd3, 0xd2, 
  0xd2, 0x74, 0x87, 0xd1, 0xd1, 0xa3, 0x47, 0xc9, 0xcf, 0xcf, 0xf7, 0x5b, 0x02, 0x1b, 0x8d, 0x46, 
  0x8c, 0x46, 0x23, 0x15, 0x15, 0x15, 0xe7, 0xbd, 0xf3, 0x57, 0x57, 0x57, 0x93, 0x9b, 0x9b, 0x4b, 
  0xbf, 0x7e, 0xfd, 0xf4, 0xaa, 0xab, 0xb1, 0x63, 0xc7, 0xf2, 0xf0, 0xc3, 0x0f, 0x33, 0x62, 0xc4, 
  0x08, 0x3d, 0x63, 0xca, 0x51, 0x53, 0x83, 0xbc, 0x75, 0x2b, 0xd2, 0x2b, 0xf3, 0x10, 0x76, 0xee, 
  0x41, 0x45, 0xc0, 0x85, 0xca, 0x37, 0x28, 0x3c, 0x89, 0x9b, 0x5c, 0xda, 0x5e, 0x51, 0xa4, 0x4d, 
  0x39, 0xd0, 0x92, 0x68, 0xda, 0xb3, 0xae, 0xd6, 0xe9, 0x74, 0x72, 0xfa, 0xf4, 0x69, 0x32, 0x33, 
  0x33, 0xdb, 0xf4, 0xac, 0x9a, 0x3a, 0xf2, 0x7c, 0x21, 0x50, 0x93, 0x39, 0x02, 0x36, 0x13, 0xeb, 
  0x7c, 0xa1, 0x28, 0x0a, 0xfb, 0xf7, 0xef, 0xd7, 0xe3, 0xa8, 0xe1, 0xe1, 0xe1, 0xf4, 0xed, 0xdb, 
  0x57, 0x7f, 0xd9, 0xbd, 0x7a, 0xf5, 0xa2, 0x5f, 0xbf, 0x7e, 0x00, 0x9c, 0x39, 0x73, 0x86, 0xef, 
  0xbf, 0xff, 0x1e, 0x97, 0xcb, 0x85, 0xc9, 0x64, 0x22, 0x2d, 0x2d, 0x4d, 0x3f, 0xce, 0x6c, 0x36, 
  0x33, 0x7a, 0xf4, 0x68, 0x9d, 0xc0, 0x3f, 0xfc, 0xf0, 0x43, 0x9b, 0x6a, 0x8d, 0xb5, 0x74, 0x47, 
  0xbb, 0xdd, 0xee, 0xf7, 0x67, 0x34, 0xbb, 0x4d, 0x4b, 0x40, 0xb0, 0x5a, 0xad, 0x7a, 0x4d, 0xab, 
  0xaa, 0xaa, 0x8c, 0x19, 0x33, 0x86, 0xf9, 0xf3, 0xe7, 0x33, 0x76, 0xec, 0x58, 0x3d, 0xf3, 0x4a, 
  0x10, 0x04, 0x4c, 0x56, 0x2b, 0xd2, 0xb4, 0x69, 0x08, 0xcb, 0x3f, 0x41, 0xbd, 0x7c, 0x2c, 0x2e, 
  0x11, 0xfe, 0x15, 0x1e, 0xca, 0x4b, 0x3d, 0x22, 0xa9, 0x0a, 0x0d, 0xc5, 0x6c, 0xb1, 0x60, 0x34, 
  0x1a, 0xdb, 0xd4, 0x9a, 0x17, 0xea, 0xb5, 0x19, 0x2d, 0xcb, 0xab, 0xab, 0xa1, 0x25, 0xa7, 0x63, 
  0x77, 0x43, 0x40, 0x4b, 0x60, 0x7f, 0x76, 0xd8, 0xa6, 0x2f, 0x52, 0x10, 0x04, 0xce, 0x9e, 0x3d, 
  0x4b, 0x5e, 0x5e, 0x1e, 0xb1, 0xb1, 0xb1, 0x84, 0x85, 0x85, 0x31, 0x68, 0xd0, 0x20, 0xd6, 0xaf, 
  0x5f, 0x0f, 0x40, 0x62, 0x62, 0x22, 0xd1, 0xd1, 0xd1, 0x28, 0x8a, 0xc2, 0xb1, 0x63, 0xc7, 0xd8, 
  0xb6, 0x6d, 0x1b, 0xb3, 0x67, 0xcf, 0xc6, 0x62, 0xb1, 0x90, 0x96, 0x96, 0x86, 0xc5, 0x62, 0xc1, 
  0xe1, 0x70, 0xd0, 0xa3, 0x47, 0x0f, 0x06, 0x0c, 0x18, 0xa0, 0x37, 0xc9, 0xfb, 0xef, 0x7f, 0xff, 
  0xdb, 0xa6, 0xca, 0x21, 0x2d, 0x0e, 0xe9, 0xf9, 0x19, 0xcd, 0x7b, 0xec, 0x49, 0x54, 0x83, 0xc1, 
  0x80, 0xd1, 0x68, 0x6c, 0xf4, 0xa7, 0x56, 0x6d, 0xe4, 0xd9, 0x81, 0x32, 0x34, 0x34, 0x94, 0x87, 
  0x1f, 0x7e, 0x58, 0x6f, 0xd8, 0xd6, 0x74, 0x22, 0x01, 0xa2, 0x88, 0x9a, 0x9a, 0x8a, 0xeb, 0x99, 
  0xa7, 0xf9, 0x6e, 0xee, 0x63, 0x2c, 0x8a, 0xef, 0x4d, 0xa8, 0x24, 0x92, 0xdc, 0xa0, 0x4d, 0x68, 
  0x2d, 0x67, 0xb5, 0x49, 0x8d, 0x9e, 0x3f, 0x4e, 0xa7, 0x53, 0x57, 0xf3, 0x3d, 0x9f, 0x67, 0x5d, 
  0x5d, 0x9d, 0xae, 0xb5, 0x74, 0x55, 0x78, 0x3a, 0x30, 0x5b, 0xc2, 0x85, 0x98, 0x64, 0x9d, 0x8d, 
  0x80, 0x24, 0xb0, 0xc1, 0x60, 0x60, 0xd4, 0xa8, 0x51, 0xad, 0xee, 0xfc, 0x2e, 0x97, 0x8b, 0xf4, 
  0xf4, 0xf4, 0x46, 0x21, 0x1a, 0x2d, 0x9b, 0xe8, 0xc8, 0x91, 0x23, 0x8c, 0x1a, 0x35, 0x0a, 0x83, 
  0xc1, 0xc0, 0x88, 0x11, 0x23, 0xf4, 0x70, 0x48, 0x4a, 0x4a, 0x0a, 0x51, 0x51, 0x51, 0x40, 0x7d, 
  0x18, 0xe2, 0xd0, 0xa1, 0x43, 0xd8, 0xed, 0x76, 0xcc, 0x66, 0x33, 0x49, 0x49, 0x49, 0x44, 0x46, 
  0x46, 0x92, 0x9f, 0x9f, 0xaf, 0xd7, 0xec, 0x42, 0xbd, 0x03, 0xc5, 0xdf, 0x58, 0xa2, 0x46, 0x4e, 
  0x6d, 0xd1, 0x5b, 0x1a, 0xa4, 0x9f, 0x96, 0x5c, 0xa0, 0xa9, 0xd6, 0xb2, 0x2c, 0x37, 0x0b, 0x09, 
  0x35, 0xcd, 0xef, 0xd6, 0x16, 0x9d, 0xa2, 0x28, 0xa4, 0xa4, 0xa4, 0x30, 0x72, 0xe4, 0xc8, 0x96, 
  0x17, 0x63, 0xc3, 0xef, 0x6a, 0xa7, 0x4d, 0xe5, 0xff, 0x4d, 0xba, 0x92, 0xca, 0xb3, 0x67, 0x9a, 
  0x79, 0x64, 0xbd, 0x3d, 0x4f, 0xad, 0x51, 0x9e, 0x46, 0x6e, 0x87, 0xc3, 0x81, 0xc3, 0xe1, 0xa0, 
  0xae, 0xae, 0x4e, 0x37, 0x17, 0xb4, 0x24, 0x91, 0xf6, 0x72, 0x02, 0x85, 0x84, 0x84, 0x30, 0x6d, 
  0xda, 0x34, 0x4a, 0x4a, 0x5a, 0x6e, 0x13, 0xbf, 0x6d, 0xdb, 0x36, 0x0a, 0x0a, 0x0a, 0x1a, 0xfd, 
  0x4e, 0x9b, 0x4e, 0xd9, 0x5a, 0x25, 0x56, 0x5d, 0x5d, 0x1d, 0xbb, 0x76, 0xed, 0x0a, 0xc8, 0x5e, 
  0xe1, 0x01, 0x49, 0xe0, 0x1e, 0x3d, 0x7a, 0xf0, 0xce, 0x3b, 0xef, 0x90, 0x9c, 0x9c, 0xec, 0xb3, 
  0xd4, 0xae, 0xa2, 0xa2, 0x82, 0x99, 0x33, 0x67, 0x36, 0x53, 0x6d, 0x5d, 0x2e, 0x17, 0xdb, 0xb7, 
  0x6f, 0xe7, 0xae, 0xbb, 0xee, 0x42, 0x55, 0x55, 0x52, 0x53, 0x53, 0xb1, 0x58, 0x2c, 0xb8, 0xdd, 
  0x6e, 0x46, 0x8d, 0x1a, 0x85, 0x2c, 0xcb, 0x28, 0x8a, 0xc2, 0xbe, 0x7d, 0xfb, 0x38, 0x7d, 0xfa, 
  0x34, 0x39, 0x39, 0x39, 0x44, 0x46, 0x46, 0xd2, 0xa7, 0x4f, 0x1f, 0xa2, 0xa2, 0xa2, 0xc8, 0xcd, 
  0xcd, 0xa5, 0x7f, 0xff, 0xfe, 0x7a, 0x06, 0xcf, 0xa1, 0x43, 0x87, 0x38, 0x7b, 0xf6, 0xac, 0xd7, 
  0x02, 0x02, 0xad, 0x67, 0x97, 0xa7, 0xf4, 0xd4, 0x7e, 0x44, 0x51, 0xd4, 0x5b, 0xe6, 0xb4, 0x24, 
  0x01, 0x5a, 0x52, 0x03, 0x3d, 0x8f, 0x77, 0xbb, 0xdd, 0x24, 0x26, 0x26, 0x7a, 0x4d, 0x97, 0x6c, 
  0x0a, 0xd9, 0x68, 0x24, 0xbe, 0x7f, 0x12, 0x27, 0xce, 0x64, 0xe8, 0xa4, 0xf6, 0xf5, 0x19, 0xad, 
  0x8b, 0xa5, 0xd6, 0x3c, 0xd0, 0xf3, 0x9a, 0xb4, 0x4d, 0x24, 0x3a, 0x3a, 0x1a, 0xab, 0xd5, 0xda, 
  0xa2, 0xf4, 0xbe, 0x90, 0x26, 0xea, 0xda, 0xf9, 0x17, 0x2e, 0x5c, 0xe8, 0xf3, 0x1c, 0xb7, 0xdc, 
  0x72, 0x0b, 0x85, 0x85, 0x85, 0x8d, 0x24, 0x6e, 0x4c, 0x4c, 0x0c, 0x8b, 0x17, 0x2f, 0xae, 0x6f, 
  0x0f, 0xe4, 0xe3, 0x1e, 0xf3, 0xf2, 0xf2, 0x98, 0x3e, 0x7d, 0x7a, 0x9b, 0xcc, 0x99, 0xae, 0x82, 
  0x80, 0x23, 0xb0, 0xe6, 0xf2, 0x0f, 0x0b, 0x0b, 0x23, 0x2a, 0x2a, 0xaa, 0xc5, 0x32, 0x3b, 0xcf, 
  0x30, 0x84, 0x37, 0x68, 0x3b, 0xae, 0x2c, 0xcb, 0x0c, 0x1e, 0x3c, 0x58, 0x8f, 0x67, 0x6a, 0x1e, 
  0xe8, 0x82, 0x82, 0x02, 0x3d, 0x0d, 0xf3, 0xd0, 0xa1, 0x43, 0x0c, 0x1b, 0x36, 0x8c, 0x98, 0x98, 
  0x18, 0x92, 0x93, 0x93, 0x39, 0x74, 0xe8, 0x10, 0x69, 0x69, 0x69, 0xfa, 0xce, 0xfe, 0xdf, 0xff, 
  0xfe, 0xb7, 0x99, 0xf4, 0xd1, 0xa4, 0x9a, 0xf6, 0x23, 0xcb, 0x72, 0xa3, 0x1f, 0x2d, 0x56, 0xeb, 
  0x4d, 0xc2, 0xfa, 0xa3, 0xf6, 0x35, 0xf9, 0x32, 0x68, 0xcb, 0xc2, 0x53, 0x55, 0x9d, 0xbc, 0xad, 
  0x1f, 0xda, 0xfc, 0x5a, 0x9a, 0x5e, 0xb3, 0x24, 0x49, 0x7a, 0x63, 0x75, 0xa3, 0xd1, 0x88, 0xcb, 
  0xe5, 0xc2, 0xe1, 0x70, 0x60, 0xb7, 0xdb, 0xf5, 0x7e, 0xd5, 0x17, 0x92, 0x33, 0xad, 0xf9, 0x1c, 
  0x5a, 0xba, 0x3e, 0xed, 0x59, 0x37, 0x75, 0x20, 0x7a, 0xae, 0x93, 0x96, 0xd6, 0x81, 0x66, 0x02, 
  0x05, 0x55, 0xe8, 0x0e, 0x82, 0x96, 0x76, 0xf8, 0xec, 0xb3, 0xcf, 0xb6, 0x3a, 0xcc, 0xcc, 0xe5, 
  0x72, 0x51, 0x50, 0x50, 0xd0, 0x6c, 0x57, 0x55, 0x55, 0x95, 0x8c, 0x8c, 0x0c, 0x8e, 0x1d, 0x3b, 
  0x46, 0x6a, 0x6a, 0x2a, 0x31, 0x31, 0x31, 0xa4, 0xa4, 0xa4, 0x00, 0x30, 0x74, 0xe8, 0x50, 0x04, 
  0x41, 0xe0, 0xf8, 0xf1, 0xe3, 0x7a, 0x9a, 0xe0, 0xfe, 0xfd, 0xfb, 0xb9, 0xf3, 0xce, 0x3b, 0x11, 
  0x04, 0x81, 0x11, 0x23, 0x46, 0xb0, 0x62, 0xc5, 0x0a, 0x9d, 0xe8, 0xb5, 0xb5, 0xb5, 0xec, 0xd8, 
  0xb1, 0xa3, 0xd9, 0x77, 0x28, 0x8a, 0x42, 0x4d, 0x4d, 0x8d, 0x1e, 0x9e, 0xd2, 0xa4, 0xac, 0x26, 
  0xd1, 0x62, 0x62, 0x62, 0x88, 0x8d, 0x8d, 0xd5, 0xd5, 0x3e, 0x5f, 0xf6, 0x6d, 0x6b, 0x8b, 0x4b, 
  0x12, 0x45, 0xf2, 0xce, 0x9c, 0xc1, 0x59, 0x5b, 0x8b, 0xa1, 0x95, 0x1e, 0x61, 0xb5, 0xb5, 0xb5, 
  0x7e, 0x37, 0x34, 0xd7, 0xec, 0x5d, 0xcd, 0x46, 0xf6, 0x1c, 0xcd, 0xa2, 0xd9, 0xbf, 0xbd, 0x7b, 
  0xf7, 0xa6, 0xa4, 0xa4, 0x84, 0xfc, 0xfc, 0x7c, 0x5d, 0xdd, 0xd6, 0x3e, 0x77, 0x31, 0xa4, 0x99, 
  0xaa, 0xaa, 0x94, 0x97, 0x97, 0xb3, 0x6c, 0xd9, 0x32, 0x2a, 0x2b, 0x2b, 0x5b, 0xbc, 0xb7, 0xa6, 
  0x4d, 0xfb, 0x54, 0x55, 0xa5, 0xa8, 0xa8, 0x88, 0xc7, 0x1e, 0x7b, 0xcc, 0x67, 0x29, 0x25, 0xd4, 
  0x3b, 0xe3, 0x2a, 0x2a, 0x2a, 0x02, 0x4e, 0xfa, 0x42, 0x00, 0x12, 0x18, 0xea, 0x1f, 0xb8, 0x96, 
  0x61, 0xe3, 0x8f, 0x13, 0xab, 0x29, 0x04, 0x41, 0xa0, 0xba, 0xba, 0x9a, 0xdd, 0xbb, 0x77, 0x33, 
  0x6c, 0xd8, 0x30, 0x00, 0x46, 0x8c, 0x18, 0x81, 0x2c, 0xcb, 0xba, 0xfd, 0x7b, 0xe4, 0xc8, 0x11, 
  0xaa, 0xaa, 0xaa, 0x50, 0x14, 0x85, 0x03, 0x07, 0x0e, 0x50, 0x5b, 0x5b, 0x8b, 0xc5, 0x62, 0x61, 
  0xc4, 0x88, 0x11, 0x44, 0x46, 0x46, 0xea, 0x89, 0x20, 0x59, 0x59, 0x59, 0x9c, 0x3a, 0x75, 0xaa, 
  0xd5, 0xf0, 0x91, 0x27, 0x19, 0xa0, 0x3e, 0x1d, 0x51, 0x55, 0x55, 0x2a, 0x2b, 0x2b, 0x1b, 0x8d, 
  0x82, 0x69, 0x2a, 0xb1, 0x0d, 0x06, 0x43, 0x33, 0x35, 0xdc, 0x53, 0x82, 0x0b, 0x82, 0x80, 0x45, 
  0x10, 0x98, 0xb9, 0x65, 0x0b, 0xf2, 0x96, 0xff, 0xc0, 0xf4, 0xeb, 0xb4, 0x9b, 0xf4, 0x7a, 0x0d, 
  0x5b, 0xb7, 0x6e, 0x25, 0x33, 0x33, 0x53, 0xcf, 0x32, 0xd3, 0x48, 0xa7, 0x35, 0xfc, 0x6b, 0xea, 
  0xc8, 0x72, 0xb9, 0x5c, 0x7a, 0x8d, 0xb5, 0xdb, 0xed, 0x6e, 0x54, 0xe5, 0x63, 0xb1, 0x58, 0xe8, 
  0xdd, 0xbb, 0x77, 0xbb, 0x8f, 0xaa, 0xa9, 0xac, 0xac, 0xe4, 0xc3, 0x0f, 0x3f, 0x24, 0x2b, 0x2b, 
  0xab, 0xc5, 0x67, 0xec, 0xcd, 0xfe, 0xb6, 0xd9, 0x6c, 0x7e, 0x57, 0x19, 0x05, 0x6a, 0x7b, 0xd9, 
  0x80, 0x24, 0x30, 0xf8, 0xdf, 0x0a, 0x45, 0xcb, 0x46, 0x6a, 0xea, 0x00, 0xb2, 0xd9, 0x6c, 0x6c, 
  0xdb, 0xb6, 0x8d, 0xbb, 0xee, 0xba, 0x0b, 0x93, 0xc9, 0x44, 0x6a, 0x6a, 0x6a, 0xa3, 0xd0, 0xce, 
  0xbe, 0x7d, 0xfb, 0xf4, 0x45, 0xa9, 0xe5, 0xd0, 0xf6, 0xe9, 0xd3, 0x87, 0x41, 0x83, 0x06, 0x31, 
  0x7c, 0xf8, 0x70, 0xbd, 0xe7, 0xf2, 0xf1, 0xe3, 0xc7, 0x7d, 0x26, 0x18, 0xb4, 0x04, 0xad, 0xb5, 
  0xa9, 0x67, 0xc2, 0xbe, 0xaa, 0xd6, 0x77, 0xce, 0xd4, 0x54, 0x50, 0x0d, 0x9e, 0x52, 0x58, 0xfb, 
  0x8c, 0xd1, 0x68, 0xc4, 0x64, 0x34, 0x12, 0x67, 0x30, 0xf2, 0xa2, 0xa3, 0x8e, 0xeb, 0x2b, 0xaa, 
  0x11, 0xe6, 0xcd, 0x43, 0x48, 0x88, 0x47, 0x6d, 0xd8, 0x94, 0x3c, 0xa1, 0xaa, 0xf5, 0x63, 0x67, 
  0x3e, 0xfb, 0xec, 0x33, 0x44, 0x51, 0xa4, 0xa8, 0xa8, 0x88, 0xca, 0xca, 0xca, 0x46, 0x5e, 0xe6, 
  0xa6, 0x59, 0x4c, 0xad, 0x41, 0xb3, 0xe3, 0x3b, 0x6a, 0xf1, 0x37, 0xcd, 0x6b, 0x6f, 0x0d, 0x9e, 
  0xe9, 0x92, 0xfe, 0x9c, 0x3b, 0x10, 0x11, 0xb0, 0x04, 0xbe, 0x18, 0x38, 0x78, 0xf0, 0x20, 0xe5, 
  0xe5, 0xe5, 0xf4, 0xea, 0xd5, 0x8b, 0xa1, 0x43, 0x87, 0xea, 0x36, 0x75, 0x59, 0x59, 0x19, 0x47, 
  0x8e, 0x1c, 0xd1, 0x89, 0x5f, 0x50, 0x50, 0x40, 0x61, 0x61, 0x21, 0x7d, 0xfb, 0xf6, 0xd5, 0xd3, 
  0x27, 0xcd, 0x66, 0x33, 0x4e, 0xa7, 0x93, 0x6d, 0xdb, 0xb6, 0x79, 0x2d, 0x86, 0x68, 0x0d, 0x9a, 
  0x63, 0xc7, 0x9f, 0x10, 0x4c, 0x53, 0x42, 0xb9, 0xdd, 0x6e, 0x9c, 0x0e, 0x07, 0x61, 0xc0, 0xaf, 
  0x91, 0xb9, 0x01, 0x01, 0x09, 0xa1, 0x3e, 0x49, 0xe3, 0x81, 0x07, 0xb1, 0xfd, 0xe6, 0xd7, 0x38, 
  0xa6, 0x4c, 0xc1, 0x64, 0x34, 0xd6, 0x0f, 0x1d, 0xab, 0xad, 0x65, 0xdb, 0xb6, 0x6d, 0x7c, 0xf6, 
  0xd9, 0x67, 0x64, 0x67, 0x67, 0xeb, 0x36, 0xa5, 0xb7, 0x72, 0xc4, 0xb6, 0x40, 0xb3, 0x4b, 0x3b, 
  0x52, 0x7a, 0xf9, 0xd2, 0xb8, 0xbc, 0xe5, 0x3c, 0xfb, 0x83, 0x40, 0x25, 0x2f, 0x04, 0x28, 0x81, 
  0x3d, 0xf3, 0x5c, 0x5b, 0x83, 0x2f, 0xef, 0xee, 0xc9, 0x93, 0x27, 0x29, 0x2c, 0x2c, 0x24, 0x2e, 
  0x2e, 0x8e, 0xa1, 0x43, 0x87, 0xea, 0x5e, 0xed, 0xf2, 0xf2, 0x72, 0x8e, 0x1d, 0x3b, 0xa6, 0x7f, 
  0x4f, 0x49, 0x49, 0x09, 0x27, 0x4f, 0x9e, 0x64, 0xdc, 0xb8, 0x71, 0x44, 0x47, 0x47, 0x73, 0xe7, 
  0x9d, 0x77, 0x62, 0xb5, 0x5a, 0xb1, 0xdb, 0xed, 0x6c, 0xdb, 0xb6, 0xed, 0xbc, 0x2a, 0x5a, 0x34, 
  0xf5, 0x34, 0x24, 0x24, 0xa4, 0xcd, 0x21, 0x18, 0x01, 0x88, 0x05, 0x7e, 0x8f, 0xcc, 0x1d, 0x88, 
  0x48, 0x68, 0x0d, 0xbe, 0x05, 0x2a, 0xf7, 0xa4, 0xf3, 0xfe, 0x33, 0xcf, 0xb0, 0x67, 0xec, 0x58, 
  0x92, 0x1a, 0x12, 0x54, 0xb4, 0x6a, 0x1c, 0xcf, 0x44, 0x8d, 0xd0, 0xd0, 0x50, 0x12, 0x12, 0x12, 
  0x38, 0x7b, 0xf6, 0xec, 0x79, 0x87, 0x7f, 0x2c, 0x16, 0x8b, 0xae, 0x6e, 0xb7, 0x27, 0x24, 0x49, 
  0x22, 0x2e, 0x2e, 0x0e, 0x68, 0x99, 0x6c, 0x8a, 0xa2, 0x50, 0x50, 0x50, 0xd0, 0xe8, 0x5a, 0x2e, 
  0x24, 0x63, 0x2f, 0x50, 0x10, 0xb0, 0x04, 0xf6, 0x17, 0xda, 0x4e, 0xec, 0xcd, 0x91, 0x55, 0x5a, 
  0x5a, 0xca, 0xbe, 0x7d, 0xfb, 0x18, 0x31, 0x62, 0x04, 0x11, 0x11, 0x11, 0xfa, 0xef, 0x8f, 0x1c, 
  0x39, 0xd2, 0xa8, 0x3e, 0xd7, 0xe5, 0x72, 0x71, 0xe0, 0xc0, 0x01, 0xee, 0xbc, 0xf3, 0x4e, 0xcc, 
  0x66, 0x33, 0xc9, 0xc9, 0xc9, 0x40, 0x7d, 0x09, 0xdb, 0xe1, 0xc3, 0x87, 0xcf, 0x8b, 0x00, 0x2e, 
  0x97, 0x0b, 0xbb, 0xdd, 0x4e, 0x68, 0x68, 0x68, 0x9b, 0x06, 0x4e, 0x0b, 0x40, 0x3f, 0x04, 0xde, 
  0x41, 0xe2, 0xe6, 0x46, 0xe4, 0x85, 0x12, 0x54, 0xde, 0x89, 0x8e, 0x62, 0x43, 0x8f, 0x28, 0x94, 
  0xd3, 0xa7, 0xc9, 0x68, 0x70, 0x56, 0x69, 0x05, 0xfd, 0x15, 0x15, 0x15, 0x7a, 0x68, 0x0b, 0xea, 
  0x4b, 0x21, 0x6d, 0x36, 0x9b, 0x57, 0x47, 0x5f, 0x6b, 0x90, 0x65, 0x99, 0x90, 0x90, 0x10, 0x7d, 
  0x60, 0x5c, 0x7b, 0x41, 0xcb, 0x8e, 0xfb, 0xcb, 0x5f, 0xfe, 0xd2, 0xa2, 0x27, 0x5b, 0x51, 0x14, 
  0x8a, 0x8a, 0x8a, 0x78, 0xe4, 0x91, 0x47, 0x38, 0x74, 0xe8, 0x50, 0x9b, 0x52, 0x28, 0x21, 0xb0, 
  0xb3, 0xb6, 0x02, 0x92, 0xc0, 0x2d, 0x41, 0x23, 0xaa, 0xaa, 0xaa, 0xba, 0xc3, 0xa5, 0xb5, 0x96, 
  0xac, 0x3b, 0x77, 0xee, 0xe4, 0xbe, 0xfb, 0xee, 0xd3, 0xff, 0xad, 0xd9, 0x8a, 0x4d, 0xd5, 0xb1, 
  0xfd, 0xfb, 0xf7, 0xeb, 0xe7, 0xd7, 0xfe, 0xdc, 0xb1, 0x63, 0x87, 0x1e, 0x82, 0x68, 0xeb, 0x02, 
  0x50, 0x55, 0x95, 0xea, 0xea, 0x6a, 0x7d, 0x44, 0xa8, 0x3f, 0x59, 0x5c, 0x02, 0x10, 0x07, 0xbc, 
  0x87, 0xc4, 0x4d, 0x88, 0x88, 0x9c, 0x23, 0x6f, 0x21, 0x2a, 0x4f, 0xe2, 0x62, 0x83, 0xe2, 0xaa, 
  0x9f, 0x1e, 0x28, 0x34, 0x97, 0x40, 0xa5, 0xa5, 0xa5, 0xd8, 0xed, 0x76, 0x7d, 0xd6, 0x12, 0x40, 
  0x5c, 0x5c, 0x9c, 0x3e, 0x62, 0xb4, 0x2d, 0xd0, 0x36, 0x82, 0xc2, 0xc2, 0xc2, 0x76, 0x6f, 0xab, 
  0x63, 0x30, 0x18, 0xe8, 0xdf, 0xbf, 0x7f, 0x8b, 0xff, 0xaf, 0x28, 0x0a, 0x56, 0xab, 0x55, 0x1f, 
  0x2f, 0xea, 0x6f, 0x15, 0x92, 0x27, 0x82, 0x04, 0xee, 0x40, 0x34, 0x0d, 0x53, 0x68, 0x69, 0x87, 
  0x56, 0xab, 0x95, 0x88, 0x88, 0x08, 0x62, 0x62, 0x62, 0x48, 0x48, 0x48, 0xa0, 0x4f, 0x9f, 0x3e, 
  0x1c, 0x38, 0x70, 0x80, 0x55, 0xab, 0x56, 0x79, 0x3d, 0x8f, 0xa2, 0x28, 0xac, 0x5e, 0xbd, 0x9a, 
  0xf9, 0xf3, 0xe7, 0x37, 0x4a, 0xcf, 0xfc, 0xf6, 0xdb, 0x6f, 0x1b, 0xbd, 0x50, 0x45, 0x51, 0xf8, 
  0xe1, 0x87, 0x1f, 0x98, 0x37, 0x6f, 0x5e, 0xa3, 0x89, 0x07, 0xeb, 0xd6, 0xad, 0xd3, 0xc3, 0x29, 
  0xe7, 0x83, 0xaa, 0xaa, 0x2a, 0xdc, 0x6e, 0x37, 0x91, 0x91, 0x91, 0xad, 0x96, 0x14, 0x0a, 0x40, 
  0x32, 0x02, 0xef, 0x21, 0x71, 0x7d, 0x03, 0x79, 0xa1, 0xbe, 0x1c, 0x30, 0x17, 0x95, 0x67, 0x71, 
  0xf3, 0x35, 0x2a, 0x21, 0x0d, 0xd7, 0xd3, 0x74, 0xf1, 0xaa, 0xaa, 0x8a, 0xd3, 0xe9, 0xa4, 0xa6, 
  0xa6, 0x86, 0xd3, 0xa7, 0x4f, 0xd3, 0xbb, 0x77, 0x6f, 0xa2, 0xa3, 0xa3, 0x91, 0x24, 0x89, 0xc4, 
  0xc4, 0x44, 0x1c, 0x0e, 0x47, 0x9b, 0x5a, 0x0f, 0x45, 0x44, 0x44, 0x20, 0x08, 0x42, 0x9b, 0x4b, 
  0x21, 0xfd, 0x45, 0x7e, 0x7e, 0x3e, 0x7b, 0xf6, 0xec, 0xf1, 0x8b, 0x84, 0x8a, 0xa2, 0xe8, 0x0d, 
  0x0c, 0xb5, 0x77, 0x21, 0x8a, 0x62, 0xa3, 0x35, 0x72, 0x3e, 0xc9, 0x32, 0x81, 0x80, 0x80, 0x9d, 
  0x8d, 0x94, 0x98, 0x98, 0xc8, 0x55, 0x57, 0x5d, 0x45, 0x52, 0x52, 0x12, 0xc9, 0xc9, 0xc9, 0xf4, 
  0xe9, 0xd3, 0x87, 0x9e, 0x3d, 0x7b, 0xd2, 0xa3, 0x47, 0x0f, 0x22, 0x22, 0x22, 0x74, 0x09, 0xb3, 
  0x78, 0xf1, 0x62, 0x7e, 0xf3, 0x9b, 0xdf, 0xf8, 0x54, 0xf3, 0xbc, 0x2d, 0x76, 0x7f, 0x8e, 0xf3, 
  0x75, 0xac, 0x3f, 0x90, 0x24, 0x89, 0xe4, 0xe4, 0x64, 0x8c, 0x46, 0x23, 0xc7, 0x8f, 0x1f, 0x6f, 
  0xd1, 0x96, 0x14, 0x80, 0xbe, 0xc0, 0xfb, 0xc8, 0xcc, 0x44, 0x44, 0x68, 0xf8, 0x9d, 0x02, 0x64, 
  0xa2, 0xf2, 0x2b, 0xdc, 0x7c, 0xdf, 0x30, 0xea, 0xc4, 0x6a, 0xb5, 0x92, 0x92, 0x92, 0xd2, 0xac, 
  0xa8, 0x5f, 0x51, 0x14, 0x8e, 0x1c, 0x39, 0xd2, 0xa8, 0xdf, 0x74, 0x74, 0x74, 0x34, 0xbd, 0x7b, 
  0xf7, 0xc6, 0x60, 0x30, 0xb4, 0x69, 0x12, 0x84, 0x96, 0xfc, 0xe2, 0x76, 0xbb, 0x75, 0x5f, 0xc1, 
  0xc5, 0x86, 0xd5, 0x6a, 0xc5, 0x6a, 0xb5, 0xfa, 0x7d, 0xbc, 0xaa, 0xd6, 0x37, 0x19, 0xd0, 0xde, 
  0xb3, 0x2c, 0xcb, 0x8c, 0x19, 0x33, 0x86, 0xa4, 0xa4, 0x24, 0x4e, 0x9d, 0x3a, 0x45, 0x7e, 0x7e, 
  0x3e, 0xd5, 0xd5, 0xd5, 0xba, 0xf3, 0x50, 0x8b, 0xc7, 0x43, 0x7d, 0x44, 0xa0, 0x2b, 0xf7, 0x4d, 
  0xf3, 0x85, 0x80, 0x94, 0xc0, 0x82, 0x20, 0x70, 0xf9, 0xe5, 0x97, 0xb3, 0x68, 0xd1, 0x22, 0x22, 
  0x22, 0x22, 0xf4, 0xa4, 0x07, 0x2d, 0x79, 0xa2, 0xa2, 0xa2, 0x82, 0xcc, 0xcc, 0x4c, 0x8a, 0x8b, 
  0x8b, 0x39, 0x71, 0xe2, 0x04, 0x92, 0x24, 0xf9, 0x24, 0xb0, 0xbf, 0x0b, 0xf0, 0x62, 0x2f, 0x54, 
  0xb7, 0xdb, 0x4d, 0x49, 0x49, 0x09, 0xfd, 0xfa, 0xf5, 0x23, 0x22, 0x22, 0x42, 0x1f, 0xc2, 0xed, 
  0x09, 0x01, 0x18, 0x40, 0x3d, 0x79, 0xaf, 0x6b, 0x20, 0x2f, 0xd4, 0x93, 0x37, 0x03, 0x95, 0x5f, 
  0xe2, 0x62, 0x0d, 0x2a, 0x6e, 0x8f, 0x73, 0x7a, 0x33, 0x1d, 0xb4, 0xf0, 0x94, 0x06, 0x45, 0x51, 
  0xf4, 0x46, 0x7a, 0x89, 0x89, 0x89, 0x84, 0x87, 0x87, 0x13, 0x17, 0x17, 0x47, 0x76, 0x76, 0x76, 
  0xab, 0xf7, 0x19, 0x19, 0x19, 0x89, 0xc9, 0x64, 0xf2, 0x19, 0x97, 0xbd, 0x50, 0x68, 0xed, 0x80, 
  0xdb, 0x82, 0xa6, 0xd2, 0xf6, 0xe7, 0x3f, 0xff, 0x39, 0x3f, 0xfd, 0xe9, 0x4f, 0x71, 0x3a, 0x9d, 
  0x14, 0x14, 0x14, 0x70, 0xfa, 0xf4, 0xe9, 0x46, 0xad, 0x87, 0x73, 0x73, 0x73, 0x29, 0x2e, 0x2e, 
  0xa6, 0xb8, 0xb8, 0xb8, 0x3d, 0x6e, 0xa1, 0x43, 0x10, 0x90, 0x04, 0x06, 0x28, 0x2b, 0x2b, 0x23, 
  0x2b, 0x2b, 0x8b, 0xfd, 0xfb, 0xf7, 0x93, 0x99, 0x99, 0xc9, 0xd9, 0xb3, 0x67, 0xc9, 0xcc, 0xcc, 
  0x24, 0x3b, 0x3b, 0x9b, 0xc2, 0xc2, 0x42, 0x2a, 0x2a, 0x2a, 0xa8, 0xae, 0xae, 0xa6, 0xae, 0xae, 
  0xae, 0xcd, 0xa3, 0x49, 0x3a, 0x12, 0xe5, 0xe5, 0xe5, 0xc4, 0xc6, 0xc6, 0x12, 0x13, 0x13, 0x43, 
  0x79, 0x79, 0x79, 0x23, 0x09, 0x28, 0x00, 0x83, 0x10, 0xf8, 0x03, 0x12, 0xd3, 0x9b, 0x90, 0xf7, 
  0x24, 0x2a, 0x73, 0x71, 0xb1, 0xc9, 0x83, 0xbc, 0x80, 0x9e, 0x74, 0xd1, 0xb4, 0x21, 0x9c, 0xcb, 
  0xe5, 0x6a, 0xe6, 0x28, 0xd3, 0xec, 0xf0, 0xd3, 0xa7, 0x4f, 0x13, 0x1f, 0x1f, 0x4f, 0x74, 0x74, 
  0x34, 0x76, 0xbb, 0x9d, 0xe2, 0xe2, 0xe2, 0x16, 0x89, 0x69, 0x30, 0x18, 0xe8, 0xd9, 0xb3, 0x27, 
  0x0e, 0x87, 0xa3, 0xdd, 0xfb, 0x42, 0x9f, 0xef, 0xe6, 0xa0, 0xaa, 0x2a, 0x26, 0x93, 0x09, 0x49, 
  0x92, 0xc8, 0xcf, 0xcf, 0x27, 0x34, 0x34, 0x94, 0xb8, 0xb8, 0x38, 0x92, 0x92, 0x92, 0x98, 0x3e, 
  0x7d, 0x3a, 0x6e, 0xb7, 0x5b, 0xdf, 0xe8, 0x0b, 0x0a, 0x0a, 0x78, 0xe2, 0x89, 0x27, 0xd8, 0xb6, 
  0x6d, 0xdb, 0x45, 0xbe, 0xfa, 0x8e, 0x41, 0x40, 0x12, 0x58, 0x73, 0x20, 0xcd, 0x9c, 0x39, 0xb3, 
  0x91, 0x5a, 0xa4, 0x05, 0xee, 0x3d, 0xd5, 0xc7, 0xb6, 0x7a, 0x24, 0x3b, 0x1a, 0x6e, 0xb7, 0x9b, 
  0xc2, 0xc2, 0x42, 0x92, 0x92, 0x92, 0x88, 0x89, 0x89, 0x21, 0x2f, 0x2f, 0xaf, 0xfe, 0x9a, 0x81, 
  0x24, 0x04, 0xde, 0x47, 0xe2, 0x5a, 0x0f, 0xf2, 0xaa, 0xc0, 0x51, 0x14, 0xe6, 0xe0, 0x66, 0x3b, 
  0x2a, 0x4d, 0x7d, 0xd7, 0x5a, 0xba, 0xa3, 0x56, 0x78, 0xa0, 0xc1, 0x57, 0xa8, 0xa7, 0xae, 0xae, 
  0x8e, 0xcc, 0xcc, 0x4c, 0x6c, 0x36, 0x1b, 0x71, 0x71, 0x71, 0x3e, 0xc9, 0xd9, 0xa3, 0x47, 0x0f, 
  0x42, 0x43, 0x43, 0xc9, 0xcc, 0xcc, 0xec, 0xb2, 0xd3, 0x1e, 0xb5, 0xf7, 0xfd, 0xf4, 0xd3, 0x4f, 
  0x13, 0x11, 0x11, 0x41, 0x62, 0x62, 0x22, 0xfd, 0xfb, 0xf7, 0x67, 0xf0, 0xe0, 0xc1, 0xa4, 0xa4, 
  0xa4, 0xd0, 0xa7, 0x4f, 0x1f, 0xe2, 0xe3, 0xe3, 0x89, 0x89, 0x89, 0xc1, 0xe5, 0x72, 0x51, 0x5e, 
  0x5e, 0x7e, 0x5e, 0x8e, 0xc8, 0xae, 0x80, 0x80, 0x24, 0x30, 0xd4, 0xa7, 0x22, 0x6a, 0x29, 0x88, 
  0xde, 0xca, 0xc5, 0x9a, 0x26, 0xb5, 0x77, 0xe5, 0x9e, 0x47, 0xda, 0x94, 0x83, 0x98, 0x98, 0x18, 
  0x3d, 0xb5, 0x32, 0x15, 0x81, 0x85, 0x48, 0x5c, 0xe3, 0x41, 0x5e, 0x37, 0x70, 0x10, 0x85, 0xc7, 
  0x5a, 0x20, 0x2f, 0x34, 0x6f, 0xaf, 0xaa, 0xa1, 0x35, 0x67, 0x9b, 0xa2, 0x28, 0x14, 0x16, 0x16, 
  0x62, 0xb7, 0xdb, 0xe9, 0xd1, 0xa3, 0x87, 0x5e, 0x36, 0xe8, 0x89, 0x90, 0x90, 0x10, 0x62, 0x63, 
  0x63, 0xa9, 0xaa, 0xaa, 0x6a, 0x53, 0xf7, 0xcd, 0x8e, 0x86, 0xb6, 0x81, 0x2b, 0x8a, 0x42, 0x59, 
  0x59, 0x19, 0x65, 0x65, 0x65, 0x1c, 0x38, 0x70, 0x40, 0xdf, 0xe0, 0x2d, 0x16, 0x0b, 0xe1, 0xe1, 
  0xe1, 0xf4, 0xea, 0xd5, 0x4b, 0xdf, 0x8c, 0x02, 0x91, 0xbc, 0x10, 0xc0, 0x04, 0xd6, 0x72, 0x72, 
  0xfd, 0x51, 0x8f, 0xb5, 0x17, 0xd7, 0x55, 0x09, 0xec, 0x72, 0xb9, 0xc8, 0xcd, 0xcd, 0x25, 0x25, 
  0x25, 0x85, 0x84, 0x84, 0x04, 0x5c, 0xa7, 0x4e, 0xb3, 0xd8, 0x05, 0xd7, 0x34, 0x19, 0x75, 0xb2, 
  0x17, 0x85, 0x07, 0x70, 0x71, 0x10, 0xbc, 0x92, 0x57, 0x83, 0x37, 0x69, 0xeb, 0x8f, 0xb7, 0x5c, 
  0x55, 0xeb, 0xdb, 0xd6, 0x3a, 0x1c, 0x0e, 0x42, 0x43, 0x43, 0xf5, 0xd6, 0xab, 0x50, 0xef, 0x14, 
  0x4a, 0x48, 0x48, 0x40, 0x92, 0x24, 0x72, 0x73, 0x73, 0xbb, 0x74, 0xed, 0xac, 0x16, 0x29, 0xf0, 
  0xa6, 0x79, 0x69, 0xea, 0x73, 0x75, 0x75, 0x35, 0xd9, 0xd9, 0xd9, 0xb8, 0xdd, 0xee, 0x2e, 0xab, 
  0x49, 0xf8, 0x83, 0xae, 0x6b, 0x1c, 0xb6, 0x82, 0xb6, 0x06, 0xdf, 0xbb, 0xb2, 0x1d, 0x0c, 0xf5, 
  0xe9, 0x8e, 0x39, 0x79, 0x79, 0x0c, 0x12, 0x25, 0xfe, 0x22, 0x1b, 0xb9, 0xca, 0x83, 0xbc, 0x6e, 
  0x60, 0x3b, 0x0a, 0x0f, 0xe1, 0x6e, 0x95, 0xbc, 0x80, 0x5e, 0x6c, 0x0f, 0xe7, 0x9e, 0x53, 0x5b, 
  0xb2, 0xa5, 0x9a, 0xc6, 0x85, 0x45, 0x51, 0x24, 0x2e, 0x2e, 0x8e, 0xf0, 0xf0, 0x70, 0x0a, 0x0a, 
  0x0a, 0xda, 0x2d, 0x74, 0x74, 0xb1, 0xd0, 0x5a, 0xfe, 0xb3, 0x67, 0xa8, 0x29, 0x50, 0x55, 0x67, 
  0x0d, 0x01, 0x2b, 0x81, 0xa1, 0x7e, 0x37, 0xf5, 0x37, 0x59, 0xdd, 0x5b, 0xbd, 0x68, 0x97, 0x82, 
  0xaa, 0x12, 0x5b, 0x54, 0xcc, 0x6f, 0xca, 0xab, 0xb8, 0xcc, 0xe1, 0x44, 0x68, 0x20, 0xb0, 0x0b, 
  0xd8, 0xdc, 0x30, 0x2d, 0xe1, 0x98, 0x9f, 0x6d, 0x5f, 0x9b, 0x4a, 0x5b, 0xad, 0xda, 0xa8, 0x2d, 
  0xd0, 0x92, 0x33, 0x44, 0x51, 0xd4, 0x9d, 0x6c, 0xa5, 0xa5, 0xa5, 0x5e, 0x3d, 0xe5, 0x5d, 0x09, 
  0xbe, 0x6a, 0xc0, 0xbd, 0xa1, 0x2b, 0xce, 0x76, 0x6a, 0x0b, 0xba, 0xb6, 0x58, 0x6a, 0x05, 0xad, 
  0x3d, 0x7c, 0xcd, 0x0e, 0x72, 0xbb, 0xdd, 0x5d, 0x7a, 0x8c, 0xa4, 0x00, 0x0c, 0x45, 0xe0, 0x63, 
  0x45, 0x60, 0x82, 0xc3, 0xa5, 0xcb, 0x5e, 0x05, 0x95, 0xf5, 0x28, 0x3c, 0x88, 0x9b, 0xa3, 0x6d, 
  0xe8, 0xd9, 0x5c, 0x57, 0x57, 0xd7, 0xac, 0x36, 0xf6, 0x7c, 0x54, 0x5e, 0x8d, 0xbc, 0x09, 0x09, 
  0x09, 0xba, 0xca, 0xd9, 0x95, 0x55, 0x67, 0xa0, 0x51, 0x7c, 0xb7, 0x35, 0x68, 0x19, 0x7b, 0x81, 
  0x8c, 0x80, 0x96, 0xc0, 0x4d, 0xc7, 0x48, 0x42, 0x63, 0xaf, 0x73, 0x68, 0x68, 0x28, 0x49, 0x49, 
  0x49, 0x5c, 0x75, 0xd5, 0x55, 0xd8, 0x6c, 0x36, 0x96, 0x2d, 0x5b, 0xd6, 0xe5, 0x02, 0xf6, 0x02, 
  0x30, 0x0a, 0x81, 0x45, 0x48, 0x5c, 0xe1, 0xe1, 0xb0, 0x72, 0x01, 0xdb, 0x22, 0xc2, 0x99, 0x17, 
  0x6a, 0x26, 0xab, 0xb0, 0x10, 0xda, 0xd0, 0x30, 0x4f, 0x8b, 0xf9, 0x6a, 0x2d, 0x76, 0xb4, 0x62, 
  0xfc, 0xb6, 0x40, 0x2b, 0x20, 0xd0, 0x9c, 0x56, 0x59, 0x59, 0x59, 0x6d, 0x6a, 0xda, 0xd7, 0x59, 
  0xf0, 0xcc, 0x94, 0x83, 0xd6, 0xab, 0x97, 0xba, 0xaa, 0x5f, 0xc4, 0x5f, 0x04, 0x3c, 0x81, 0xb5, 
  0x79, 0x40, 0xda, 0x22, 0x8d, 0x8c, 0x8c, 0x64, 0xc4, 0x88, 0x11, 0x5c, 0x7b, 0xed, 0xb5, 0x4c, 
  0x9a, 0x34, 0x89, 0xb4, 0xb4, 0x34, 0x42, 0x43, 0x43, 0xd9, 0xbe, 0x7d, 0x3b, 0x7f, 0xfd, 0xeb, 
  0x5f, 0xbb, 0x54, 0xdf, 0xa3, 0x7a, 0xc9, 0x0b, 0x4b, 0x90, 0xb8, 0xbc, 0x21, 0x3d, 0x52, 0x9b, 
  0x53, 0xb4, 0x52, 0x54, 0x79, 0x3d, 0xc2, 0x8a, 0x10, 0x13, 0x43, 0x52, 0x48, 0x08, 0xd9, 0xd9, 
  0xd9, 0x7e, 0x6f, 0x3e, 0x9a, 0xca, 0xac, 0x95, 0x2a, 0x6a, 0xc5, 0xf8, 0xfe, 0xc2, 0x6c, 0x36, 
  0x93, 0x90, 0x90, 0x40, 0x64, 0x64, 0xa4, 0x1e, 0x6f, 0x0f, 0x04, 0xf2, 0x6a, 0x65, 0x92, 0xb3, 
  0x66, 0xcd, 0x22, 0x3b, 0x3b, 0x9b, 0x3d, 0x7b, 0xf6, 0x50, 0x59, 0x59, 0xa9, 0x37, 0x49, 0xf0, 
  0xd6, 0x35, 0xa5, 0xab, 0xac, 0x85, 0xf3, 0x45, 0x40, 0x13, 0x18, 0xea, 0xd5, 0xe8, 0xde, 0xbd, 
  0x7b, 0x33, 0x72, 0xe4, 0x48, 0xae, 0xbe, 0xfa, 0x6a, 0xae, 0xbe, 0xfa, 0x6a, 0xfa, 0xf6, 0xed, 
  0x4b, 0x78, 0x78, 0x38, 0x82, 0x20, 0x50, 0x56, 0x56, 0xc6, 0x9e, 0x3d, 0x7b, 0xd8, 0xb8, 0x71, 
  0x23, 0x40, 0x97, 0xb1, 0x83, 0x05, 0x60, 0x2c, 0x02, 0x1f, 0x20, 0x31, 0xa6, 0x41, 0xf2, 0xaa, 
  0x80, 0x13, 0xf8, 0x06, 0x85, 0x5f, 0x2b, 0x6e, 0xb2, 0x73, 0x72, 0x88, 0x75, 0x3a, 0x89, 0x8d, 
  0x8d, 0x65, 0xe0, 0xc0, 0x81, 0x14, 0x14, 0x14, 0x50, 0x5a, 0x5a, 0xea, 0x97, 0x1a, 0x5b, 0x57, 
  0x57, 0xa7, 0x8f, 0x5d, 0xf1, 0x6c, 0x0b, 0xeb, 0x0b, 0xb2, 0x2c, 0x13, 0x19, 0x19, 0x49, 0x5c, 
  0x5c, 0x1c, 0xb2, 0x2c, 0x93, 0x97, 0x97, 0x47, 0x61, 0x61, 0x61, 0x97, 0x57, 0x9b, 0x35, 0x68, 
  0xd3, 0x32, 0x5e, 0x7c, 0xf1, 0x45, 0x42, 0x43, 0x43, 0x39, 0x73, 0xe6, 0x0c, 0xff, 0xfe, 0xf7, 
  0xbf, 0x59, 0xbf, 0x7e, 0x3d, 0x47, 0x8e, 0x1c, 0xd1, 0x27, 0x37, 0x68, 0x99, 0x5a, 0x81, 0x72, 
  0x5f, 0xbe, 0x10, 0xb0, 0xb9, 0xd0, 0x1a, 0xcc, 0x66, 0x33, 0x9f, 0x7c, 0xf2, 0x09, 0xb7, 0xdc, 
  0x72, 0x0b, 0x16, 0x8b, 0x05, 0x45, 0x51, 0xa8, 0xad, 0xad, 0x65, 0xef, 0xde, 0xbd, 0x6c, 0xd8, 
  0xb0, 0x81, 0x2d, 0x5b, 0xb6, 0x70, 0xec, 0xd8, 0x31, 0x3d, 0x58, 0xef, 0x70, 0x38, 0x3a, 0x5d, 
  0x9a, 0x08, 0xc0, 0x08, 0x04, 0x96, 0x21, 0x71, 0x99, 0x07, 0x79, 0x15, 0xe0, 0xaf, 0x28, 0x3c, 
  0x8d, 0x8b, 0x42, 0xed, 0x58, 0x41, 0x20, 0x2c, 0x2c, 0x4c, 0x9f, 0x46, 0x58, 0x5d, 0x5d, 0x4d, 
  0x51, 0x51, 0x11, 0x15, 0x15, 0x15, 0x2d, 0x92, 0x52, 0x10, 0x04, 0x12, 0x13, 0x13, 0x89, 0x8d, 
  0x8d, 0x45, 0x10, 0x04, 0x0a, 0x0b, 0x0b, 0xc9, 0xcc, 0xcc, 0x6c, 0xf1, 0x7a, 0x44, 0x51, 0x24, 
  0x3c, 0x3c, 0x5c, 0xef, 0x93, 0x5d, 0x5b, 0x5b, 0x4b, 0x6e, 0x6e, 0x2e, 0x95, 0x95, 0x95, 0x5d, 
  0x62, 0xb3, 0xf3, 0x17, 0x46, 0xa3, 0x91, 0x2b, 0xaf, 0xbc, 0x92, 0x17, 0x5e, 0x78, 0x81, 0xcb, 
  0x2e, 0xbb, 0x0c, 0xab, 0xd5, 0x8a, 0x28, 0x8a, 0x54, 0x55, 0x55, 0x71, 0xf4, 0xe8, 0x51, 0xb6, 
  0x6c, 0xd9, 0xc2, 0xaa, 0x55, 0xab, 0x48, 0x4f, 0x4f, 0xd7, 0x1b, 0xee, 0x05, 0xba, 0x0a, 0x1d, 
  0xf0, 0x04, 0x36, 0x1a, 0x8d, 0xbc, 0xf9, 0xe6, 0x9b, 0xdc, 0x71, 0xc7, 0x1d, 0x1c, 0x3d, 0x7a, 
  0x94, 0x8d, 0x1b, 0x37, 0xb2, 0x71, 0xe3, 0x46, 0x4e, 0x9e, 0x3c, 0x89, 0xdd, 0x6e, 0x6f, 0xe6, 
  0xd0, 0x70, 0xbb, 0xdd, 0xe7, 0xd5, 0x41, 0xe3, 0x62, 0x41, 0x93, 0xbc, 0x1f, 0x23, 0x91, 0xd6, 
  0x50, 0xcf, 0x0b, 0x50, 0x07, 0xfc, 0x15, 0x37, 0xcf, 0xe1, 0xa6, 0x80, 0xe6, 0x2f, 0x45, 0x96, 
  0x65, 0x7a, 0xf6, 0xec, 0x49, 0xcf, 0x9e, 0x3d, 0x31, 0x1a, 0x8d, 0xd4, 0xd6, 0xd6, 0x52, 0x52, 
  0x52, 0x42, 0x75, 0x75, 0x35, 0x0e, 0x87, 0xa3, 0xd9, 0x42, 0x8c, 0x8d, 0x8d, 0x25, 0x31, 0x31, 
  0x11, 0x51, 0x14, 0xc9, 0xce, 0xce, 0x26, 0x3f, 0x3f, 0xbf, 0xd1, 0xff, 0x8b, 0xa2, 0x88, 0xc9, 
  0x64, 0xc2, 0x6a, 0xb5, 0x36, 0x6a, 0x0b, 0x5b, 0x52, 0x52, 0x42, 0x51, 0x51, 0x51, 0xa7, 0x6f, 
  0x72, 0x6d, 0x85, 0x20, 0x08, 0xba, 0xc6, 0x61, 0x32, 0x99, 0x48, 0x49, 0x49, 0x61, 0xfa, 0xf4, 
  0xe9, 0x5c, 0x7b, 0xed, 0xb5, 0x0c, 0x1d, 0x3a, 0x54, 0x9f, 0xc3, 0x5c, 0x53, 0x53, 0xc3, 0x91, 
  0x23, 0x47, 0x58, 0xb8, 0x70, 0x21, 0xff, 0xf3, 0x3f, 0xff, 0x13, 0x50, 0x1b, 0x94, 0x37, 0x04, 
  0x3c, 0x81, 0x05, 0x41, 0x20, 0x25, 0x25, 0x45, 0xcf, 0xa8, 0xd1, 0x6c, 0x5c, 0x5f, 0x6d, 0x44, 
  0x6d, 0x36, 0x5b, 0xa7, 0x78, 0x1f, 0x05, 0xe0, 0xf2, 0x86, 0xf4, 0xc8, 0x31, 0x1e, 0x0e, 0x2b, 
  0x3b, 0x2a, 0x9f, 0xa3, 0xf0, 0x0a, 0x6e, 0x5a, 0x0b, 0xd2, 0x68, 0x03, 0xcc, 0x7b, 0xf4, 0xe8, 
  0x81, 0xd9, 0x6c, 0xc6, 0xe5, 0x72, 0x61, 0xb3, 0xd9, 0xf4, 0xe4, 0x7f, 0x87, 0xc3, 0x81, 0xcb, 
  0xe5, 0x22, 0x3c, 0x3c, 0x5c, 0x9f, 0x99, 0x94, 0x99, 0x99, 0x49, 0x79, 0x79, 0x39, 0xb2, 0x2c, 
  0x63, 0x32, 0x99, 0xb0, 0x58, 0x2c, 0x84, 0x86, 0x86, 0x62, 0xb1, 0x58, 0x90, 0x24, 0x89, 0xba, 
  0xba, 0x3a, 0x4a, 0x4b, 0x4b, 0x29, 0x2f, 0x2f, 0xef, 0x72, 0x4e, 0x3e, 0x7f, 0x21, 0xcb, 0xb2, 
  0x5e, 0x0f, 0x0c, 0xe8, 0xb3, 0x7f, 0x43, 0x43, 0x43, 0x49, 0x49, 0x49, 0xe1, 0x9a, 0x6b, 0xae, 
  0x61, 0xc6, 0x8c, 0x19, 0x0c, 0x1e, 0x3c, 0x98, 0xd0, 0xd0, 0x50, 0x66, 0xcf, 0x9e, 0xcd, 0x97, 
  0x5f, 0x7e, 0x19, 0x24, 0x70, 0x57, 0x80, 0x24, 0x49, 0xfa, 0xbc, 0x5f, 0x7f, 0xe0, 0x74, 0x3a, 
  0xdb, 0x65, 0xa6, 0xad, 0x2f, 0x08, 0xc0, 0x38, 0x04, 0x96, 0x23, 0x31, 0xcc, 0xc3, 0x61, 0xe5, 
  0x02, 0x96, 0xe0, 0x66, 0x1e, 0x6e, 0x2a, 0xf1, 0xff, 0x65, 0x48, 0x92, 0x44, 0x58, 0x58, 0x98, 
  0x5e, 0x3a, 0x69, 0x32, 0x99, 0x1a, 0x8d, 0x15, 0x55, 0x55, 0xb5, 0xd1, 0xf8, 0x16, 0xcf, 0x3c, 
  0x71, 0x6d, 0x5a, 0x7d, 0x75, 0x75, 0xb5, 0x9e, 0xc6, 0x19, 0xe8, 0xe1, 0x14, 0x8b, 0xc5, 0xd2, 
  0xac, 0x80, 0x03, 0xce, 0x85, 0x12, 0x9d, 0x4e, 0x27, 0x26, 0x93, 0x89, 0xd1, 0xa3, 0x47, 0x33, 
  0x6e, 0xdc, 0x38, 0x96, 0x2f, 0x5f, 0xde, 0xe6, 0x26, 0x06, 0x5d, 0x11, 0xdd, 0x82, 0xc0, 0x9a, 
  0xfa, 0xe4, 0x6f, 0xfc, 0x4f, 0x51, 0x14, 0x6c, 0x36, 0xdb, 0x45, 0xb5, 0x7f, 0x7c, 0x3d, 0x48, 
  0x11, 0xb8, 0xaa, 0x21, 0x54, 0x34, 0xcc, 0xa3, 0x18, 0xbf, 0x0a, 0x95, 0x0f, 0x50, 0xf8, 0x3d, 
  0x6e, 0x4a, 0x7d, 0x7c, 0xde, 0xe7, 0xf7, 0x36, 0x74, 0xa9, 0xd4, 0x06, 0x9e, 0x69, 0x0d, 0xd6, 
  0x0d, 0x06, 0x03, 0x61, 0x61, 0x61, 0xf5, 0xdf, 0x53, 0x55, 0xa5, 0xf7, 0x72, 0xd6, 0x1a, 0xae, 
  0xd7, 0xd5, 0xd5, 0xe9, 0xa5, 0x87, 0x81, 0x0e, 0x51, 0x14, 0x75, 0xf5, 0xd9, 0x17, 0x34, 0x69, 
  0xeb, 0x76, 0xbb, 0xbb, 0x54, 0x34, 0xe2, 0x42, 0x10, 0xf0, 0x5e, 0x68, 0x38, 0x97, 0xa8, 0xe0, 
  0xef, 0x90, 0x2d, 0x6d, 0x54, 0xc8, 0xc5, 0x6a, 0xc6, 0x16, 0x02, 0x8c, 0x47, 0x60, 0x07, 0x2a, 
  0x4d, 0xad, 0x6b, 0x11, 0x98, 0x80, 0xc0, 0x12, 0x24, 0x86, 0x78, 0x48, 0x5e, 0x07, 0xf0, 0x1e, 
  0x0a, 0xff, 0x17, 0x37, 0x36, 0xce, 0x7f, 0x17, 0xd5, 0x3a, 0x6d, 0x68, 0xf3, 0x7a, 0x35, 0x18, 
  0x0c, 0x06, 0x06, 0x0d, 0x1a, 0x84, 0x20, 0xd4, 0x0f, 0x73, 0x0b, 0x34, 0x9b, 0xb6, 0x2d, 0xf0, 
  0x67, 0xa4, 0x0c, 0x9c, 0x8b, 0x09, 0x5f, 0xc8, 0xa8, 0x97, 0xae, 0x86, 0x80, 0xce, 0xc4, 0xf2, 
  0x84, 0x3f, 0x2f, 0x45, 0x0b, 0x21, 0x0c, 0x1c, 0x38, 0x50, 0x1f, 0x4c, 0x76, 0x31, 0x10, 0x0f, 
  0x7c, 0x8c, 0xcc, 0x6c, 0x44, 0x3c, 0xc7, 0x83, 0x89, 0xc0, 0xb5, 0x08, 0x7c, 0x82, 0xc4, 0x60, 
  0x0f, 0x6f, 0x73, 0x39, 0x2a, 0x6f, 0xe2, 0x66, 0xc1, 0x05, 0x92, 0xd7, 0x17, 0x3c, 0xa7, 0x28, 
  0x74, 0x97, 0xc5, 0xea, 0x0d, 0xa2, 0x28, 0xfa, 0x9d, 0x4e, 0x0b, 0xe7, 0x97, 0x56, 0xda, 0x95, 
  0xd1, 0x6d, 0x08, 0xec, 0x4f, 0xb6, 0xd1, 0xe0, 0xc1, 0x83, 0x79, 0xe3, 0x8d, 0x37, 0xf8, 0xea, 
  0xab, 0xaf, 0xf4, 0x01, 0xdf, 0x17, 0x8a, 0x7a, 0xc7, 0x94, 0x48, 0x7f, 0x04, 0x5e, 0x46, 0x62, 
  0x56, 0x03, 0x89, 0x65, 0x60, 0x72, 0x83, 0xda, 0x3c, 0xc8, 0x43, 0xf2, 0x56, 0xa0, 0xf2, 0x56, 
  0x83, 0xe4, 0x6d, 0x8b, 0xcd, 0xdb, 0x56, 0x68, 0x76, 0x9f, 0xb7, 0x42, 0xfe, 0xee, 0x04, 0x83, 
  0xc1, 0x40, 0x42, 0x42, 0x02, 0x26, 0x93, 0xc9, 0xaf, 0x8d, 0xca, 0xb3, 0x81, 0x7d, 0x77, 0x40, 
  0xb7, 0x50, 0xa1, 0x35, 0x38, 0x9d, 0xce, 0x66, 0x93, 0x0e, 0x04, 0x41, 0x60, 0xf0, 0xe0, 0xc1, 
  0xdc, 0x73, 0xcf, 0x3d, 0xdc, 0x79, 0xe7, 0x9d, 0xc4, 0xc6, 0xc6, 0xe2, 0x76, 0xbb, 0x19, 0x31, 
  0x62, 0x04, 0x16, 0x8b, 0xe5, 0x82, 0x6d, 0x61, 0x11, 0x98, 0x82, 0x80, 0x08, 0xc4, 0x20, 0xf0, 
  0x07, 0x64, 0x5c, 0xb8, 0x28, 0x43, 0x65, 0x09, 0x32, 0xfd, 0x1a, 0xfe, 0x4f, 0x23, 0xef, 0xab, 
  0xb8, 0xf9, 0x18, 0x85, 0x8e, 0x28, 0x60, 0x6b, 0x3a, 0x71, 0xa1, 0xbb, 0x41, 0x14, 0x45, 0xfa, 
  0xf6, 0xed, 0xcb, 0x9f, 0xff, 0xfc, 0x67, 0xf2, 0xf3, 0xf3, 0xf9, 0xe8, 0xa3, 0x8f, 0xd8, 0xb6, 
  0x6d, 0x5b, 0x8b, 0x5d, 0x58, 0x34, 0x73, 0xa3, 0x3b, 0xa1, 0x5b, 0x11, 0x58, 0x93, 0xc2, 0xda, 
  0x6c, 0xa1, 0x41, 0x83, 0x06, 0x71, 0xdf, 0x7d, 0xf7, 0x31, 0x73, 0xe6, 0x4c, 0x12, 0x13, 0x13, 
  0xa9, 0xab, 0xab, 0x63, 0xff, 0xfe, 0xfd, 0x7c, 0xf1, 0xc5, 0x17, 0xac, 0x5c, 0xb9, 0x52, 0x77, 
  0x00, 0x9d, 0xaf, 0x2d, 0xac, 0xb5, 0x79, 0x1d, 0xd3, 0x10, 0x10, 0x12, 0x81, 0x28, 0xe0, 0x0f, 
  0x48, 0x38, 0x81, 0xf8, 0x86, 0xdf, 0xab, 0x40, 0x3e, 0x2a, 0xf3, 0x71, 0xf3, 0x39, 0x0a, 0x1d, 
  0xe5, 0xff, 0xae, 0xab, 0xab, 0xf3, 0x9a, 0x42, 0xd8, 0x5d, 0x20, 0x49, 0x12, 0xe3, 0xc7, 0x8f, 
  0x27, 0x29, 0x29, 0x89, 0xd1, 0xa3, 0x47, 0x73, 0xc5, 0x15, 0x57, 0xb0, 0x79, 0xf3, 0x66, 0x3e, 
  0xfe, 0xf8, 0x63, 0x76, 0xef, 0xde, 0xdd, 0x8c, 0xac, 0x5a, 0xea, 0x6d, 0x77, 0x42, 0xb7, 0xf0, 
  0x42, 0x7b, 0xc2, 0x68, 0x34, 0x32, 0x7c, 0xf8, 0x70, 0x7e, 0xfe, 0xf3, 0x9f, 0x73, 0xfb, 0xed, 
  0xb7, 0x13, 0x1b, 0x1b, 0x8b, 0xcb, 0xe5, 0xe2, 0xd0, 0xa1, 0x43, 0x7c, 0xfe, 0xf9, 0xe7, 0x7c, 
  0xfd, 0xf5, 0xd7, 0x94, 0x94, 0x94, 0x34, 0x1a, 0xee, 0x75, 0xbe, 0x52, 0x58, 0xa0, 0x5e, 0x4d, 
  0xfe, 0x12, 0x99, 0x1e, 0x0d, 0x92, 0x16, 0xce, 0x3d, 0x50, 0xed, 0xe1, 0x16, 0xa3, 0xf2, 0x6b, 
  0xdc, 0x7c, 0x81, 0x42, 0x47, 0x06, 0x6b, 0x22, 0x23, 0x23, 0x91, 0x24, 0xc9, 0xe7, 0x60, 0xec, 
  0x40, 0x85, 0xd6, 0x59, 0xc3, 0x60, 0x30, 0x30, 0x71, 0xe2, 0x44, 0x1e, 0x79, 0xe4, 0x11, 0xa6, 
  0x4c, 0x99, 0x82, 0xd9, 0x6c, 0xa6, 0xb2, 0xb2, 0x92, 0x7f, 0xfe, 0xf3, 0x9f, 0x7c, 0xf2, 0xc9, 
  0x27, 0xec, 0xdd, 0xbb, 0x57, 0x4f, 0x9d, 0xb4, 0xd9, 0x6c, 0xdd, 0xca, 0xfe, 0x05, 0x90, 0x80, 
  0x57, 0x3b, 0xfb, 0x22, 0x2e, 0x36, 0x66, 0xcf, 0x9e, 0xcd, 0xe3, 0x8f, 0x3f, 0x8e, 0xc1, 0x60, 
  0x20, 0x3d, 0x3d, 0x9d, 0x77, 0xdf, 0x7d, 0x97, 0x37, 0xde, 0x78, 0x83, 0xad, 0x5b, 0xb7, 0x62, 
  0xb7, 0xdb, 0x1b, 0x39, 0x3d, 0x2e, 0x24, 0x2f, 0x56, 0x06, 0xee, 0x41, 0xe2, 0x47, 0x1e, 0x4d, 
  0xd6, 0x69, 0xf8, 0xd3, 0xb3, 0xe1, 0xfa, 0x13, 0xb8, 0xf9, 0x7b, 0x43, 0xdb, 0xd7, 0x8e, 0x84, 
  0x56, 0x89, 0xd4, 0xdd, 0xd4, 0x46, 0x2d, 0xdb, 0x4a, 0x2b, 0x62, 0x39, 0x7b, 0xf6, 0x2c, 0xdf, 
  0x7f, 0xff, 0x3d, 0x7b, 0xf7, 0xee, 0xa5, 0x47, 0x8f, 0x1e, 0x24, 0x24, 0x24, 0x30, 0x76, 0xec, 
  0x58, 0xae, 0xbf, 0xfe, 0x7a, 0xfa, 0xf5, 0xeb, 0x47, 0x6e, 0x6e, 0x2e, 0x45, 0x45, 0x45, 0x1d, 
  0x1e, 0xfb, 0xef, 0x08, 0x74, 0x3b, 0x09, 0x2c, 0x08, 0x02, 0xa3, 0x46, 0x8d, 0xe2, 0xed, 0xb7, 
  0xdf, 0xe6, 0x1f, 0xff, 0xf8, 0x07, 0x2b, 0x57, 0xae, 0xa4, 0xb4, 0xb4, 0xb4, 0x55, 0x4f, 0xe5, 
  0xf9, 0xec, 0xce, 0x16, 0xe0, 0x5f, 0xc8, 0x4c, 0xf6, 0x88, 0xed, 0x7a, 0x42, 0xa5, 0xbe, 0x6f, 
  0xf3, 0x9d, 0xb8, 0xd8, 0xd9, 0x86, 0x7a, 0xde, 0x8b, 0x05, 0xad, 0x06, 0x3a, 0xd0, 0x93, 0x34, 
  0x9a, 0x42, 0x8b, 0x79, 0x37, 0x85, 0xdb, 0xed, 0x26, 0x34, 0x34, 0x94, 0xeb, 0xae, 0xbb, 0x8e, 
  0xb9, 0x73, 0xe7, 0x32, 0x66, 0xcc, 0x18, 0x24, 0x49, 0xe2, 0xf0, 0xe1, 0xc3, 0xdc, 0x75, 0xd7, 
  0x5d, 0x1c, 0x39, 0x72, 0xa4, 0x13, 0xae, 0xb6, 0x7d, 0xd1, 0xed, 0x08, 0x0c, 0xf5, 0xea, 0x55, 
  0x54, 0x54, 0x14, 0x76, 0xbb, 0xdd, 0xef, 0x22, 0x7e, 0x2d, 0xb8, 0xdf, 0x96, 0x19, 0x45, 0xa9, 
  0x08, 0x6c, 0x6a, 0x50, 0x9f, 0x5b, 0xfa, 0x16, 0x05, 0x48, 0x6f, 0xe8, 0x22, 0xf9, 0x43, 0x27, 
  0x90, 0xb8, 0xbb, 0x41, 0x14, 0x45, 0x2c, 0x16, 0x4b, 0xab, 0x11, 0x84, 0xb0, 0xb0, 0x30, 0x6e, 
  0xb9, 0xe5, 0x16, 0x66, 0xcf, 0x9e, 0xcd, 0xa6, 0x4d, 0x9b, 0x78, 0xf9, 0xe5, 0x97, 0x03, 0x36, 
  0x4d, 0xd4, 0x17, 0xba, 0x25, 0x81, 0xa1, 0xe5, 0x5d, 0xda, 0x17, 0xda, 0x32, 0xa8, 0x5a, 0x00, 
  0x1e, 0x46, 0x64, 0x01, 0x32, 0x46, 0x68, 0x91, 0xc0, 0xda, 0xc3, 0xfd, 0x2f, 0x0a, 0x0f, 0xe3, 
  0xe6, 0x50, 0x0b, 0xdd, 0x24, 0x83, 0x68, 0x1d, 0x5a, 0xbd, 0xaf, 0xb7, 0x94, 0x49, 0x6f, 0x50, 
  0x55, 0x95, 0xd8, 0xd8, 0x58, 0x2a, 0x2b, 0x2b, 0x03, 0xba, 0x79, 0xbb, 0x2f, 0x74, 0x9b, 0x38, 
  0x70, 0x53, 0xb4, 0xa5, 0x88, 0xdd, 0xed, 0x76, 0x33, 0x7e, 0xfc, 0x78, 0x26, 0x4c, 0x98, 0xe0, 
  0x77, 0x6c, 0xd8, 0x0c, 0x4c, 0x46, 0xa4, 0x79, 0x43, 0x5b, 0xef, 0xb8, 0x02, 0x91, 0xa5, 0xc8, 
  0x0c, 0xf1, 0xf3, 0xf8, 0x20, 0x9a, 0xc3, 0x73, 0x3c, 0xaa, 0x3f, 0x10, 0x04, 0x81, 0xfc, 0xfc, 
  0xfc, 0x6e, 0x4b, 0x5e, 0xe8, 0xc6, 0x04, 0xd6, 0x3a, 0x31, 0xfa, 0x0a, 0xa1, 0xa8, 0xaa, 0x4a, 
  0x64, 0x64, 0x24, 0x4f, 0x3f, 0xfd, 0x34, 0x9f, 0x7d, 0xf6, 0x19, 0x6f, 0xbc, 0xf1, 0x06, 0xb1, 
  0xb1, 0xb1, 0xad, 0x92, 0x58, 0xa0, 0x3e, 0xfb, 0x6a, 0x78, 0x83, 0xdc, 0xf5, 0x6c, 0xfd, 0xaa, 
  0x7d, 0x9b, 0xd2, 0xf0, 0x63, 0x07, 0x0a, 0x50, 0xd9, 0x8f, 0xca, 0x29, 0x14, 0xe2, 0x5a, 0x94, 
  0xd5, 0x41, 0xf8, 0x82, 0x24, 0x49, 0xf4, 0xea, 0xd5, 0x8b, 0x9f, 0xfc, 0xe4, 0x27, 0x44, 0x44, 
  0x44, 0xf8, 0x15, 0x1a, 0x53, 0x55, 0x35, 0xa0, 0x5b, 0xc6, 0xfa, 0x83, 0x6e, 0x15, 0x07, 0x6e, 
  0x0a, 0xad, 0x37, 0x94, 0xb7, 0xc6, 0xef, 0x6e, 0xb7, 0x9b, 0x41, 0x83, 0x06, 0xf1, 0xfa, 0xeb, 
  0xaf, 0x33, 0x63, 0xc6, 0x0c, 0x00, 0x8e, 0x1e, 0x3d, 0x8a, 0xd5, 0x6a, 0xc5, 0x64, 0x32, 0xf9, 
  0xb4, 0x97, 0x54, 0x60, 0x08, 0x22, 0xfd, 0x3d, 0xfe, 0xed, 0x89, 0x4a, 0x54, 0x8e, 0x02, 0xfb, 
  0x50, 0xd8, 0x85, 0xca, 0x41, 0x54, 0x4e, 0xa2, 0xd2, 0xfd, 0x82, 0x39, 0x1d, 0x03, 0x41, 0x10, 
  0xb0, 0x58, 0x2c, 0x3c, 0xf7, 0xdc, 0x73, 0x3c, 0xf0, 0xc0, 0x03, 0x7c, 0xf7, 0xdd, 0x77, 0xcc, 
  0x9b, 0x37, 0x8f, 0x93, 0x27, 0x4f, 0xfa, 0x74, 0x4e, 0xfa, 0xdb, 0x89, 0x24, 0x90, 0xd1, 0xad, 
  0x09, 0x0c, 0xe7, 0x92, 0x19, 0x34, 0xa9, 0xaa, 0xaa, 0x2a, 0x16, 0x8b, 0x85, 0x5b, 0x6f, 0xbd, 
  0x95, 0x5f, 0xff, 0xfa, 0xd7, 0xf4, 0xed, 0xdb, 0x97, 0xf2, 0xf2, 0x72, 0x3e, 0xfd, 0xf4, 0x53, 
  0x96, 0x2e, 0x5d, 0x4a, 0x71, 0x71, 0x31, 0x92, 0x24, 0x61, 0x32, 0x99, 0x5a, 0xdc, 0xbd, 0x05, 
  0xea, 0x9b, 0xae, 0x1b, 0x11, 0xb0, 0xa3, 0x52, 0x44, 0xfd, 0x88, 0xcf, 0x7d, 0xa8, 0xec, 0x6a, 
  0xf8, 0x33, 0x07, 0x95, 0x6a, 0x40, 0xdb, 0x06, 0x3a, 0xda, 0xd1, 0xe0, 0xef, 0xc4, 0xc5, 0x40, 
  0x80, 0xc9, 0x64, 0x42, 0x96, 0x65, 0xca, 0xca, 0xca, 0xa8, 0xae, 0xae, 0xe6, 0xc7, 0x3f, 0xfe, 
  0x31, 0x03, 0x07, 0x0e, 0xe4, 0xf5, 0xd7, 0x5f, 0x67, 0xed, 0xda, 0xb5, 0x5e, 0xa3, 0x07, 0x6e, 
  0xb7, 0xfb, 0xa2, 0x15, 0xab, 0x74, 0x65, 0x74, 0x5b, 0x27, 0x96, 0x27, 0x34, 0x87, 0x96, 0xaa, 
  0xaa, 0xc4, 0xc5, 0xc5, 0xf1, 0xfc, 0xf3, 0xcf, 0xf3, 0x93, 0x9f, 0xfc, 0x04, 0x8b, 0xc5, 0xc2, 
  0xc1, 0x83, 0x07, 0x99, 0x3f, 0x7f, 0x3e, 0x1b, 0x36, 0x6c, 0x68, 0xd6, 0x8a, 0xb5, 0xa5, 0xf6, 
  0x3b, 0x46, 0xe0, 0x77, 0x48, 0xb8, 0x80, 0x9d, 0x28, 0x1c, 0x07, 0xb2, 0x51, 0x29, 0xa3, 0xb1, 
  0x1a, 0xdd, 0xd1, 0xd0, 0x6a, 0x7e, 0xa3, 0xa2, 0xa2, 0x18, 0x31, 0x62, 0x04, 0x49, 0x49, 0x49, 
  0x18, 0x0c, 0x06, 0x2a, 0x2a, 0x2a, 0x38, 0x72, 0xe4, 0x08, 0x27, 0x4e, 0x9c, 0xc0, 0x66, 0xb3, 
  0x05, 0x14, 0x99, 0x8d, 0x46, 0xa3, 0x9e, 0xe7, 0x2c, 0xcb, 0x32, 0xd3, 0xa7, 0x4f, 0x67, 0xfe, 
  0xfc, 0xf9, 0x0c, 0x1c, 0x38, 0x90, 0xca, 0xca, 0x4a, 0x96, 0x2e, 0x5d, 0xca, 0xc2, 0x85, 0x0b, 
  0x1b, 0x69, 0x4c, 0xaa, 0xaa, 0x62, 0xb7, 0xdb, 0xbb, 0x5d, 0xd2, 0x86, 0x37, 0x5c, 0x12, 0x04, 
  0xd6, 0x02, 0xff, 0x53, 0xa7, 0x4e, 0xe5, 0xf5, 0xd7, 0x5f, 0x67, 0xf8, 0xf0, 0xe1, 0x38, 0x1c, 
  0x0e, 0xfe, 0xf7, 0x7f, 0xff, 0x97, 0xb7, 0xde, 0x7a, 0x8b, 0xec, 0xec, 0xec, 0x16, 0x67, 0xff, 
  0x7a, 0x5b, 0x08, 0x02, 0xf5, 0x4e, 0x2c, 0x57, 0xc3, 0x8f, 0x7e, 0x7c, 0x7b, 0xde, 0x84, 0x1f, 
  0xe8, 0xd9, 0xb3, 0x27, 0xb3, 0x67, 0xcf, 0xe6, 0xfe, 0xfb, 0xef, 0x27, 0x29, 0x29, 0xa9, 0x51, 
  0x8b, 0x55, 0xbb, 0xdd, 0xce, 0xe6, 0xcd, 0x9b, 0x59, 0xb0, 0x60, 0x01, 0x9b, 0x36, 0x6d, 0xea, 
  0xe4, 0x2b, 0xf5, 0x0f, 0x06, 0x83, 0x01, 0x93, 0xc9, 0xd4, 0x6c, 0xce, 0x71, 0x4a, 0x4a, 0x0a, 
  0xf3, 0xe7, 0xcf, 0xe7, 0xfa, 0xeb, 0xaf, 0xc7, 0xed, 0x76, 0xb3, 0x7e, 0xfd, 0x7a, 0xe6, 0xcd, 
  0x9b, 0xc7, 0xd1, 0xa3, 0x47, 0x11, 0x45, 0xb1, 0x53, 0x1a, 0x36, 0x74, 0x16, 0xba, 0x65, 0x26, 
  0x96, 0x37, 0xb8, 0xdd, 0x6e, 0xe6, 0xcc, 0x99, 0xc3, 0x8d, 0x37, 0xde, 0xc8, 0xd9, 0xb3, 0x67, 
  0x79, 0xed, 0xb5, 0xd7, 0x58, 0xb0, 0x60, 0x01, 0xa5, 0xa5, 0xa5, 0x2d, 0x7a, 0x36, 0x3d, 0x67, 
  0x2a, 0x35, 0x95, 0x5a, 0x2e, 0x5a, 0x1f, 0x71, 0xd2, 0x91, 0x48, 0x48, 0x48, 0x60, 0xd1, 0xa2, 
  0x45, 0x3c, 0xfc, 0xf0, 0xc3, 0x7a, 0x57, 0xc9, 0xba, 0xba, 0x3a, 0x5c, 0x2e, 0x17, 0x26, 0x93, 
  0x89, 0x90, 0x90, 0x10, 0x06, 0x0d, 0x1a, 0xc4, 0xd5, 0x57, 0x5f, 0xcd, 0xa9, 0x53, 0xa7, 0x38, 
  0x75, 0xea, 0x54, 0x97, 0x96, 0xc4, 0x4d, 0x5b, 0xe4, 0x68, 0x10, 0x04, 0x81, 0xd2, 0xd2, 0x52, 
  0x36, 0x6c, 0xd8, 0x40, 0x6d, 0x6d, 0x2d, 0xc3, 0x87, 0x0f, 0x67, 0xe4, 0xc8, 0x91, 0x4c, 0x9a, 
  0x34, 0x89, 0xc2, 0xc2, 0x42, 0x8e, 0x1f, 0x3f, 0xde, 0x6d, 0x8a, 0xf5, 0xfd, 0xc1, 0x25, 0x43, 
  0x60, 0x80, 0xec, 0xec, 0x6c, 0x22, 0x23, 0x23, 0x79, 0xe1, 0x85, 0x17, 0x58, 0xb3, 0x66, 0x8d, 
  0xdf, 0x2f, 0x59, 0x14, 0xc5, 0x36, 0xcf, 0x62, 0xea, 0x68, 0x3c, 0xfe, 0xf8, 0xe3, 0xcc, 0x9d, 
  0x3b, 0x17, 0x59, 0x96, 0x71, 0xbb, 0xdd, 0x7c, 0xff, 0xfd, 0xf7, 0x2c, 0x5c, 0xb8, 0x90, 0x6f, 
  0xbe, 0xf9, 0x86, 0xb2, 0xb2, 0x32, 0x52, 0x52, 0x52, 0x30, 0x9b, 0xcd, 0x44, 0x46, 0x46, 0x32, 
  0x7c, 0xf8, 0x70, 0x56, 0xae, 0x5c, 0xd9, 0xee, 0xf3, 0x7d, 0xcf, 0x17, 0x5a, 0x9e, 0xb3, 0xaf, 
  0x8d, 0xd5, 0xe1, 0x70, 0xb0, 0x79, 0xf3, 0x66, 0x4e, 0x9d, 0x3a, 0xc5, 0xe8, 0xd1, 0xa3, 0x19, 
  0x34, 0x68, 0x10, 0xc3, 0x87, 0x0f, 0xe7, 0xab, 0xaf, 0xbe, 0xea, 0xb2, 0xf7, 0xd5, 0x1e, 0xb8, 
  0xa4, 0x08, 0x5c, 0x56, 0x56, 0xc6, 0xbf, 0xff, 0xfd, 0x6f, 0x0a, 0x0a, 0x0a, 0xfc, 0x8a, 0xf7, 
  0xaa, 0xaa, 0x4a, 0x42, 0x42, 0x02, 0x8f, 0x3c, 0xf2, 0x08, 0xa7, 0x4e, 0x9d, 0xa2, 0xba, 0xba, 
  0xba, 0xcb, 0x91, 0x58, 0x10, 0x04, 0x7a, 0xf4, 0xe8, 0xc1, 0x1b, 0x6f, 0xbc, 0x41, 0x7c, 0x7c, 
  0x3c, 0xaa, 0xaa, 0x92, 0x9e, 0x9e, 0xce, 0xdd, 0x77, 0xdf, 0xcd, 0x96, 0x2d, 0x5b, 0x38, 0x78, 
  0xf0, 0x20, 0xeb, 0xd7, 0xaf, 0x47, 0x14, 0x45, 0x26, 0x4e, 0x9c, 0x88, 0x2c, 0xcb, 0x44, 0x47, 
  0x47, 0x73, 0xf0, 0xe0, 0x41, 0xd2, 0xd3, 0xd3, 0x3b, 0xfb, 0xf2, 0x9b, 0x41, 0x92, 0x24, 0xac, 
  0x56, 0xab, 0x5f, 0xc7, 0x8a, 0xa2, 0xc8, 0xa9, 0x53, 0xa7, 0x58, 0xbb, 0x76, 0x2d, 0xa1, 0xa1, 
  0xa1, 0x2c, 0x59, 0xb2, 0x84, 0xdd, 0xbb, 0x77, 0x77, 0xbb, 0x8a, 0x23, 0x5f, 0xe8, 0xb6, 0x71, 
  0x60, 0x6f, 0x70, 0xb9, 0x5c, 0x3e, 0xfb, 0x29, 0x7b, 0x42, 0x23, 0xef, 0x87, 0x1f, 0x7e, 0xc8, 
  0x33, 0xcf, 0x3c, 0xc3, 0x53, 0x4f, 0x3d, 0x85, 0x2c, 0xcb, 0x6d, 0xea, 0xfe, 0xd0, 0x11, 0x10, 
  0x04, 0x81, 0xe8, 0xe8, 0x68, 0xa2, 0xa3, 0xa3, 0x81, 0xfa, 0xeb, 0xce, 0xc8, 0xc8, 0xd0, 0xe7, 
  0xf7, 0xaa, 0xaa, 0x4a, 0x6d, 0x6d, 0x2d, 0x9f, 0x7f, 0xfe, 0x39, 0x45, 0x45, 0x45, 0xba, 0x3d, 
  0x7f, 0xe5, 0x95, 0x57, 0x76, 0xb9, 0xcd, 0x48, 0x92, 0x24, 0x7a, 0xf4, 0xe8, 0xc1, 0x2b, 0xaf, 
  0xbc, 0xc2, 0x8c, 0x19, 0x33, 0xfc, 0x7e, 0x4f, 0xa7, 0x4e, 0x9d, 0x62, 0xee, 0xdc, 0xb9, 0x7c, 
  0xfb, 0xed, 0xb7, 0xdd, 0x3e, 0x6c, 0xd4, 0x14, 0xdd, 0x3e, 0x8c, 0xd4, 0x14, 0x9a, 0x43, 0xc7, 
  0x57, 0x3e, 0xad, 0xaa, 0xaa, 0xf4, 0xed, 0xdb, 0x97, 0x45, 0x8b, 0x16, 0x31, 0x69, 0xd2, 0x24, 
  0x8a, 0x8a, 0x8a, 0xf8, 0xe1, 0x87, 0x1f, 0x90, 0x65, 0x19, 0x59, 0x96, 0xb1, 0xdb, 0xed, 0x5d, 
  0x66, 0xa1, 0x68, 0x45, 0xea, 0xda, 0xf5, 0x08, 0x82, 0xc0, 0xd8, 0xb1, 0x63, 0x19, 0x3e, 0x7c, 
  0x38, 0xe9, 0xe9, 0xe9, 0x7a, 0x41, 0x7f, 0x56, 0x56, 0x16, 0x3f, 0xfa, 0xd1, 0x8f, 0xf4, 0xf4, 
  0xd2, 0xae, 0xd6, 0x91, 0x51, 0x6b, 0xcc, 0xf7, 0xe8, 0xa3, 0x8f, 0x32, 0x77, 0xee, 0x5c, 0x6e, 
  0xbf, 0xfd, 0x76, 0x14, 0x45, 0x61, 0xf5, 0xea, 0xd5, 0xad, 0x6a, 0x4b, 0x5a, 0xab, 0xe0, 0x4b, 
  0x49, 0xf2, 0x6a, 0xb8, 0xa4, 0x54, 0x68, 0x0d, 0x9a, 0x3d, 0xeb, 0x2d, 0x35, 0x4f, 0x55, 0x55, 
  0x06, 0x0c, 0x18, 0xc0, 0x92, 0x25, 0x4b, 0x98, 0x38, 0x71, 0x22, 0x65, 0x65, 0x65, 0x3c, 0xfb, 
  0xec, 0xb3, 0x7c, 0xfb, 0xed, 0xb7, 0x7a, 0xe9, 0xa1, 0x56, 0x24, 0xdf, 0x55, 0x16, 0x8c, 0xdd, 
  0x6e, 0xe7, 0xba, 0xeb, 0xae, 0x63, 0xe0, 0xc0, 0x81, 0x08, 0x82, 0x40, 0x78, 0x78, 0x38, 0x93, 
  0x26, 0x4d, 0xc2, 0x6c, 0x36, 0xeb, 0x03, 0xbb, 0x15, 0x45, 0x21, 0x3f, 0x3f, 0x9f, 0xbc, 0xbc, 
  0x3c, 0x72, 0x73, 0x73, 0x75, 0x09, 0xdd, 0x15, 0xa0, 0x39, 0xac, 0x44, 0x51, 0xa4, 0xb4, 0xb4, 
  0x94, 0xb1, 0x63, 0xc7, 0x32, 0x74, 0xe8, 0x50, 0xc6, 0x8f, 0x1f, 0xcf, 0xb1, 0x63, 0xc7, 0x38, 
  0x73, 0xe6, 0x4c, 0x8b, 0x9f, 0x55, 0x14, 0xc5, 0x6b, 0x63, 0xfb, 0x4b, 0x05, 0x97, 0x24, 0x81, 
  0xe1, 0xdc, 0x60, 0x2b, 0x6d, 0x6e, 0x30, 0xd4, 0x93, 0x37, 0x29, 0x29, 0x89, 0x0f, 0x3f, 0xfc, 
  0x90, 0x09, 0x13, 0x26, 0x90, 0x9f, 0x9f, 0xcf, 0xe3, 0x8f, 0x3f, 0xce, 0xca, 0x95, 0x2b, 0x1b, 
  0x7d, 0x56, 0xeb, 0xe4, 0xd1, 0x55, 0x48, 0xec, 0x76, 0xbb, 0xa9, 0xae, 0xae, 0x66, 0xfa, 0xf4, 
  0xe9, 0x3a, 0x11, 0x62, 0x62, 0x62, 0x98, 0x3a, 0x75, 0x2a, 0xf7, 0xde, 0x7b, 0x2f, 0x53, 0xa6, 
  0x4c, 0x61, 0xc0, 0x80, 0x01, 0xd4, 0xd5, 0xd5, 0x51, 0x5c, 0x5c, 0xdc, 0xa5, 0xea, 0x83, 0xb5, 
  0x38, 0xaf, 0xb6, 0x39, 0x16, 0x17, 0x17, 0xb3, 0x79, 0xf3, 0x66, 0x2e, 0xbb, 0xec, 0x32, 0x52, 
  0x53, 0x53, 0x99, 0x34, 0x69, 0x12, 0x07, 0x0e, 0x1c, 0xe0, 0xcc, 0x99, 0x33, 0x5e, 0x37, 0x5b, 
  0x87, 0xc3, 0xd1, 0x65, 0xb4, 0xa1, 0xce, 0xc0, 0x25, 0x4b, 0x60, 0x40, 0x27, 0x9f, 0x46, 0xc6, 
  0xc1, 0x83, 0x07, 0xb3, 0x74, 0xe9, 0x52, 0xc6, 0x8d, 0x1b, 0x47, 0x5e, 0x5e, 0x1e, 0xcf, 0x3c, 
  0xf3, 0x0c, 0xab, 0x57, 0xaf, 0xf6, 0xea, 0x0d, 0xd5, 0x24, 0xb1, 0xd6, 0x38, 0xbc, 0xb3, 0x91, 
  0x91, 0x91, 0xc1, 0xd9, 0xb3, 0x67, 0x19, 0x3c, 0x78, 0x30, 0xe1, 0xe1, 0xe1, 0xc8, 0xb2, 0x8c, 
  0x28, 0x8a, 0x98, 0xcd, 0x66, 0xfa, 0xf5, 0xeb, 0xc7, 0xa4, 0x49, 0x93, 0xf8, 0xf1, 0x8f, 0x7f, 
  0xcc, 0xd0, 0xa1, 0x43, 0x39, 0x7c, 0xf8, 0xb0, 0x3e, 0xe8, 0xab, 0xb3, 0xa0, 0x55, 0x16, 0x19, 
  0x0c, 0x86, 0x46, 0xcf, 0x57, 0x10, 0x04, 0xca, 0xcb, 0xcb, 0xd9, 0xbd, 0x7b, 0x37, 0x23, 0x47, 
  0x8e, 0x64, 0xc8, 0x90, 0x21, 0x5c, 0x76, 0xd9, 0x65, 0x1c, 0x39, 0x72, 0x84, 0xec, 0xec, 0x6c, 
  0xfd, 0x38, 0x8d, 0xbc, 0x97, 0x42, 0xb2, 0x86, 0x2f, 0x5c, 0xd2, 0x04, 0x86, 0x73, 0x92, 0x78, 
  0xd8, 0xb0, 0x61, 0x7c, 0xfc, 0xf1, 0xc7, 0x8c, 0x19, 0x33, 0x86, 0xdc, 0xdc, 0x5c, 0x1e, 0x7b, 
  0xec, 0x31, 0xd6, 0xad, 0x5b, 0xe7, 0xb3, 0xfa, 0x45, 0x10, 0x04, 0x8c, 0x46, 0x23, 0x92, 0x24, 
  0x75, 0xfa, 0x42, 0x72, 0xbb, 0xdd, 0x1c, 0x3c, 0x78, 0x90, 0xef, 0xbe, 0xfb, 0x8e, 0x9c, 0x9c, 
  0x1c, 0xa0, 0x7e, 0x3e, 0xb2, 0xd5, 0x6a, 0xd5, 0xa5, 0x5b, 0x68, 0x68, 0x28, 0x23, 0x46, 0x8c, 
  0xe0, 0xf2, 0xcb, 0x2f, 0x67, 0xfd, 0xfa, 0xf5, 0x94, 0x95, 0x95, 0x75, 0xca, 0xb5, 0x4a, 0x92, 
  0xa4, 0x97, 0x05, 0xb6, 0xb4, 0x39, 0x16, 0x15, 0x15, 0xb1, 0x63, 0xc7, 0x0e, 0x26, 0x4c, 0x98, 
  0xc0, 0xd0, 0xa1, 0x43, 0x99, 0x34, 0x69, 0x12, 0x7b, 0xf7, 0xee, 0x25, 0x33, 0x33, 0x13, 0x41, 
  0x10, 0xa8, 0xab, 0xab, 0xeb, 0x52, 0x9a, 0x44, 0x67, 0xe1, 0x92, 0x27, 0x30, 0xd4, 0x2f, 0xfe, 
  0xc1, 0x83, 0x07, 0x73, 0xef, 0xbd, 0xf7, 0x52, 0x52, 0x52, 0xc2, 0x13, 0x4f, 0x3c, 0xa1, 0x87, 
  0x5e, 0x5a, 0xc3, 0xdc, 0xb9, 0x73, 0x99, 0x35, 0x6b, 0x16, 0x7b, 0xf7, 0xee, 0xed, 0x12, 0xd3, 
  0xee, 0x2a, 0x2a, 0x2a, 0xd8, 0xb5, 0x6b, 0x17, 0xab, 0x56, 0xad, 0xe2, 0xab, 0xaf, 0xbe, 0xd2, 
  0xbb, 0x34, 0x26, 0x24, 0x24, 0xe8, 0xb1, 0xd5, 0xb8, 0xb8, 0x38, 0x6c, 0x36, 0x1b, 0x1b, 0x37, 
  0x6e, 0xec, 0x50, 0x29, 0xac, 0x99, 0x1e, 0x71, 0x71, 0x71, 0x44, 0x45, 0x45, 0x51, 0x5d, 0x5d, 
  0xed, 0x33, 0xd6, 0x5b, 0x52, 0x52, 0xc2, 0x8e, 0x1d, 0x3b, 0x18, 0x3d, 0x7a, 0x34, 0x43, 0x86, 
  0x0c, 0x61, 0xdc, 0xb8, 0x71, 0xec, 0xdb, 0xb7, 0x8f, 0xcc, 0xcc, 0xcc, 0x6e, 0x5f, 0x65, 0xe4, 
  0x2f, 0x82, 0x04, 0x6e, 0x40, 0x4e, 0x4e, 0x0e, 0xb9, 0xb9, 0xb9, 0x7c, 0xfd, 0xf5, 0xd7, 0x6c, 
  0xdc, 0xb8, 0xd1, 0x2f, 0xcf, 0xe7, 0x94, 0x29, 0x53, 0x78, 0xeb, 0xad, 0xb7, 0x18, 0x37, 0x6e, 
  0x1c, 0xd9, 0xd9, 0xd9, 0x1c, 0x3c, 0x78, 0x10, 0x51, 0x14, 0x3b, 0xdc, 0x26, 0xd3, 0xc2, 0x5b, 
  0x9a, 0x4a, 0xaf, 0x75, 0x17, 0x29, 0x2e, 0x2e, 0xe6, 0xd0, 0xa1, 0x43, 0xba, 0x54, 0x9e, 0x36, 
  0x6d, 0x1a, 0x46, 0xa3, 0x51, 0xef, 0x6a, 0xf1, 0xb7, 0xbf, 0xfd, 0xad, 0xc3, 0x12, 0xfe, 0xb5, 
  0x69, 0x88, 0x13, 0x26, 0x4c, 0xe0, 0xbd, 0xf7, 0xde, 0x63, 0xda, 0xb4, 0x69, 0xac, 0x59, 0xb3, 
  0xa6, 0xd5, 0xef, 0x2f, 0x2c, 0x2c, 0x64, 0xef, 0xde, 0xbd, 0x4c, 0x98, 0x30, 0x81, 0x98, 0x98, 
  0x18, 0xb6, 0x6e, 0xdd, 0xca, 0x81, 0x03, 0x07, 0xba, 0x5c, 0x08, 0xac, 0xb3, 0x70, 0x49, 0xe4, 
  0x42, 0xfb, 0x0b, 0x2d, 0x4c, 0xe4, 0x4f, 0xe1, 0x78, 0x52, 0x52, 0x12, 0x5f, 0x7c, 0xf1, 0x05, 
  0xc3, 0x87, 0x0f, 0x67, 0xdd, 0xba, 0x75, 0xcc, 0x9e, 0x3d, 0x9b, 0xaa, 0xaa, 0x2a, 0x9d, 0x40, 
  0x5a, 0x1a, 0x63, 0x7b, 0xc3, 0x6a, 0xb5, 0xf2, 0xe4, 0x93, 0x4f, 0x32, 0x6a, 0xd4, 0x28, 0x54, 
  0x55, 0x25, 0x2f, 0x2f, 0x8f, 0x37, 0xdf, 0x7c, 0x93, 0xc2, 0xc2, 0xc2, 0x46, 0x8b, 0xdc, 0x6c, 
  0x36, 0xb3, 0x6a, 0xd5, 0x2a, 0xae, 0xb9, 0xe6, 0x1a, 0x04, 0x41, 0xe0, 0xd4, 0xa9, 0x53, 0x4c, 
  0x99, 0x32, 0x85, 0x9c, 0x9c, 0x9c, 0x76, 0x27, 0x83, 0x67, 0x4e, 0xf3, 0xa4, 0x49, 0x93, 0xf8, 
  0xf4, 0xd3, 0x4f, 0x89, 0x8e, 0x8e, 0xe6, 0xed, 0xb7, 0xdf, 0xe6, 0xdd, 0x77, 0xdf, 0xf5, 0xeb, 
  0xfb, 0xd3, 0xd2, 0xd2, 0x88, 0x8c, 0x8c, 0x64, 0xcd, 0x9a, 0x35, 0x41, 0xd5, 0xd9, 0x03, 0x97, 
  0x5c, 0x1c, 0xd8, 0x17, 0xb4, 0x2e, 0x1e, 0xda, 0x64, 0xbf, 0x96, 0x48, 0x6c, 0x30, 0x18, 0x78, 
  0xfe, 0xf9, 0xe7, 0x49, 0x4d, 0x4d, 0xe5, 0xd4, 0xa9, 0x53, 0xbc, 0xf6, 0xda, 0x6b, 0x3a, 0x79, 
  0xe1, 0x9c, 0x8d, 0xa7, 0x0d, 0x14, 0x6b, 0x4f, 0xb5, 0xda, 0xed, 0x76, 0x13, 0x15, 0x15, 0xc5, 
  0xcd, 0x37, 0xdf, 0x8c, 0x20, 0x08, 0xd4, 0xd4, 0xd4, 0xb0, 0x6b, 0xd7, 0x2e, 0xfe, 0xfa, 0xd7, 
  0xbf, 0xea, 0xf7, 0xa2, 0xa9, 0xae, 0x9e, 0xad, 0x68, 0x6c, 0x36, 0x5b, 0xbb, 0xf7, 0x88, 0x92, 
  0x24, 0x09, 0xa3, 0xd1, 0xd8, 0xe8, 0x7b, 0xff, 0xf3, 0x9f, 0xff, 0xb0, 0x7c, 0xf9, 0x72, 0x9e, 
  0x7d, 0xf6, 0x59, 0x1e, 0x78, 0xe0, 0x01, 0xb6, 0x6f, 0xdf, 0xce, 0x96, 0x2d, 0x5b, 0x7c, 0x9e, 
  0x47, 0x55, 0x55, 0x76, 0xee, 0xdc, 0x19, 0x24, 0xae, 0x17, 0x04, 0x55, 0x68, 0x2f, 0xd0, 0x54, 
  0x60, 0xcf, 0x10, 0x93, 0x06, 0x51, 0x14, 0x79, 0xf8, 0xe1, 0x87, 0x79, 0xf0, 0xc1, 0x07, 0x71, 
  0x3a, 0x9d, 0xbc, 0xf8, 0xe2, 0x8b, 0x6c, 0xd8, 0xb0, 0xc1, 0x6b, 0xd2, 0xbd, 0x24, 0x49, 0x18, 
  0x0c, 0x06, 0x9d, 0xc0, 0xed, 0x21, 0xe9, 0x34, 0x69, 0x7f, 0xc3, 0x0d, 0x37, 0xe8, 0xcd, 0x08, 
  0xc6, 0x8c, 0x19, 0x43, 0x5e, 0x5e, 0x1e, 0x25, 0x25, 0x25, 0x28, 0x8a, 0x42, 0x7c, 0x7c, 0x3c, 
  0x8f, 0x3c, 0xf2, 0x08, 0xb3, 0x66, 0xcd, 0xc2, 0x60, 0x30, 0xa0, 0xaa, 0x2a, 0xdf, 0x7e, 0xfb, 
  0x2d, 0x7f, 0xff, 0xfb, 0xdf, 0xdb, 0xe5, 0x9a, 0x34, 0xe2, 0x6a, 0xad, 0x5f, 0x9b, 0xe2, 0xc0, 
  0x81, 0x03, 0x8c, 0x19, 0x33, 0x86, 0xd4, 0xd4, 0x54, 0x52, 0x53, 0x53, 0x59, 0xb9, 0x72, 0x25, 
  0x35, 0x35, 0x35, 0x2d, 0x56, 0x84, 0xb5, 0x54, 0xd6, 0x19, 0x44, 0x90, 0xc0, 0x2d, 0x42, 0x93, 
  0x5e, 0x9e, 0x24, 0x56, 0x14, 0x85, 0xc9, 0x93, 0x27, 0xf3, 0xdb, 0xdf, 0xfe, 0x96, 0x90, 0x90, 
  0x10, 0x3e, 0xfa, 0xe8, 0x23, 0x3e, 0xfa, 0xe8, 0x23, 0x9f, 0x24, 0x30, 0x1a, 0x8d, 0xdc, 0x7e, 
  0xfb, 0xed, 0xd8, 0x6c, 0x36, 0x3d, 0x97, 0xfa, 0x62, 0x93, 0x26, 0x3f, 0x3f, 0x9f, 0xd8, 0xd8, 
  0x58, 0x46, 0x8d, 0x1a, 0x85, 0x2c, 0xcb, 0x44, 0x44, 0x44, 0x30, 0x7d, 0xfa, 0x74, 0x6e, 0xbe, 
  0xf9, 0x66, 0x66, 0xcd, 0x9a, 0xc5, 0x9c, 0x39, 0x73, 0xb8, 0xe1, 0x86, 0x1b, 0x30, 0x9b, 0xcd, 
  0xb8, 0xdd, 0x6e, 0x8e, 0x1f, 0x3f, 0xce, 0x4b, 0x2f, 0xbd, 0x44, 0x6e, 0x6e, 0xee, 0x45, 0xbd, 
  0x0e, 0x51, 0x14, 0x31, 0x1a, 0x8d, 0x84, 0x85, 0x85, 0xe9, 0x9e, 0x6f, 0x6f, 0x70, 0x38, 0x1c, 
  0x1c, 0x3e, 0x7c, 0x98, 0xa9, 0x53, 0xa7, 0x32, 0x68, 0xd0, 0x20, 0x42, 0x43, 0x43, 0xd9, 0xbc, 
  0x79, 0x73, 0x33, 0xdf, 0x81, 0x96, 0xa4, 0xd1, 0xd9, 0x1e, 0xfe, 0xae, 0x8c, 0x20, 0x81, 0x7d, 
  0x40, 0x1b, 0x96, 0xad, 0x91, 0x38, 0x2e, 0x2e, 0x8e, 0x45, 0x8b, 0x16, 0x91, 0x9c, 0x9c, 0xcc, 
  0xa6, 0x4d, 0x9b, 0x78, 0xee, 0xb9, 0xe7, 0x7c, 0xaa, 0xa1, 0x8a, 0xa2, 0x30, 0x76, 0xec, 0x58, 
  0x3e, 0xfb, 0xec, 0x33, 0x26, 0x4e, 0x9c, 0xc8, 0xb6, 0x6d, 0xdb, 0xa8, 0xa9, 0xa9, 0xb9, 0xe8, 
  0xd5, 0x4d, 0x2e, 0x97, 0x8b, 0x5d, 0xbb, 0x76, 0x21, 0x08, 0x02, 0xc3, 0x87, 0x0f, 0xd7, 0xe7, 
  0x04, 0xc7, 0xc6, 0xc6, 0xd2, 0xb7, 0x6f, 0x5f, 0xa2, 0xa3, 0xa3, 0xf5, 0xec, 0xb1, 0x1d, 0x3b, 
  0x76, 0xf0, 0xf8, 0xe3, 0x8f, 0xb3, 0x6b, 0xd7, 0xae, 0x8b, 0xf6, 0xfd, 0x9a, 0xc4, 0x4d, 0x48, 
  0x48, 0xe0, 0x17, 0xbf, 0xf8, 0x05, 0xf7, 0xde, 0x7b, 0x2f, 0x3b, 0x77, 0xee, 0xf4, 0x59, 0x93, 
  0x9b, 0x97, 0x97, 0x87, 0xdd, 0x6e, 0xe7, 0xda, 0x6b, 0xaf, 0x65, 0xd8, 0xb0, 0x61, 0x9c, 0x3e, 
  0x7d, 0x5a, 0x77, 0x02, 0x42, 0xfd, 0x06, 0x7a, 0xa9, 0x27, 0x69, 0xf8, 0x83, 0xa0, 0x0d, 0xdc, 
  0x0a, 0x34, 0x8f, 0xae, 0xc5, 0x62, 0xe1, 0x57, 0xbf, 0xfa, 0x15, 0xa3, 0x46, 0x8d, 0x22, 0x3b, 
  0x3b, 0x9b, 0xf9, 0xf3, 0xe7, 0x53, 0x5e, 0x5e, 0xee, 0xd3, 0xd9, 0x65, 0x30, 0x18, 0x98, 0x33, 
  0x67, 0x0e, 0x11, 0x11, 0x11, 0xd4, 0xd5, 0xd5, 0x51, 0x52, 0x52, 0x82, 0x28, 0x8a, 0xfa, 0x00, 
  0x6e, 0xad, 0x67, 0xd7, 0xc5, 0x18, 0x40, 0x56, 0x5a, 0x5a, 0xca, 0x1b, 0x6f, 0xbc, 0xc1, 0x37, 
  0xdf, 0x7c, 0xc3, 0xf5, 0xd7, 0x5f, 0xcf, 0xd8, 0xb1, 0x63, 0x89, 0x8d, 0x8d, 0xc5, 0x68, 0x34, 
  0x62, 0xb3, 0xd9, 0xc8, 0xc8, 0xc8, 0xe0, 0xdf, 0xff, 0xfe, 0x37, 0x6b, 0xd7, 0xae, 0x25, 0x2f, 
  0x2f, 0xef, 0x82, 0xbf, 0x4f, 0x33, 0x11, 0x34, 0xdb, 0x5a, 0x14, 0x45, 0xa2, 0xa3, 0xa3, 0x79, 
  0xf0, 0xc1, 0x07, 0xe9, 0xdb, 0xb7, 0x2f, 0xbb, 0x77, 0xef, 0x66, 0xf9, 0xf2, 0xe5, 0x2d, 0xb6, 
  0x80, 0x95, 0x65, 0x99, 0xaf, 0xbe, 0xfa, 0x8a, 0x89, 0x13, 0x27, 0x32, 0x6b, 0xd6, 0x2c, 0x9e, 
  0x7b, 0xee, 0x39, 0xd2, 0xd3, 0xd3, 0x39, 0x71, 0xe2, 0x84, 0x4e, 0xde, 0xce, 0x0e, 0xc9, 0x05, 
  0x02, 0x82, 0x5e, 0x68, 0x3f, 0x21, 0xcb, 0x32, 0x53, 0xa7, 0x4e, 0xe5, 0xcd, 0x37, 0xdf, 0x64, 
  0xc9, 0x92, 0x25, 0x7c, 0xf5, 0xd5, 0x57, 0xad, 0x92, 0x60, 0xe2, 0xc4, 0x89, 0x7c, 0xf1, 0xc5, 
  0x17, 0x84, 0x87, 0x87, 0x33, 0x7b, 0xf6, 0x6c, 0xfe, 0xf9, 0xcf, 0x7f, 0x36, 0xb3, 0x09, 0xb5, 
  0x74, 0x4c, 0xcf, 0x49, 0x82, 0x17, 0x83, 0x5c, 0x46, 0xa3, 0x11, 0xab, 0xd5, 0xaa, 0x17, 0xf6, 
  0x57, 0x57, 0x57, 0x5f, 0xf0, 0x46, 0x21, 0x08, 0x82, 0x3e, 0x8f, 0x57, 0x73, 0xf2, 0x35, 0xcd, 
  0xa2, 0xfa, 0xed, 0x6f, 0x7f, 0xcb, 0x43, 0x0f, 0x3d, 0xc4, 0xbe, 0x7d, 0xfb, 0xb8, 0xe9, 0xa6, 
  0x9b, 0xa8, 0xac, 0xac, 0xf4, 0xb9, 0xc9, 0x25, 0x24, 0x24, 0xf0, 0xe5, 0x97, 0x5f, 0x32, 0x68, 
  0xd0, 0x20, 0xfe, 0xf2, 0x97, 0xbf, 0xf0, 0xf4, 0xd3, 0x4f, 0x53, 0x51, 0x51, 0x11, 0x0c, 0x13, 
  0xf9, 0x89, 0xa0, 0x0a, 0xed, 0x27, 0x14, 0x45, 0x21, 0x23, 0x23, 0x83, 0x55, 0xab, 0x56, 0x91, 
  0x9e, 0x9e, 0xde, 0xaa, 0x74, 0x30, 0x1a, 0x8d, 0xbc, 0xfe, 0xfa, 0xeb, 0xa4, 0xa5, 0xa5, 0xb1, 
  0x6e, 0xdd, 0x3a, 0x16, 0x2e, 0x5c, 0xe8, 0xd5, 0x96, 0xd3, 0x48, 0x30, 0x61, 0xc2, 0x04, 0xfa, 
  0xf4, 0xe9, 0x43, 0x79, 0x79, 0xf9, 0x45, 0x59, 0xbc, 0x9a, 0xe6, 0x50, 0x5b, 0x5b, 0x7b, 0x41, 
  0xd2, 0xcc, 0x53, 0xd2, 0x86, 0x85, 0x85, 0xe9, 0xc9, 0x20, 0xde, 0x6c, 0x5c, 0x55, 0x55, 0xc9, 
  0xce, 0xce, 0xe6, 0xd6, 0x5b, 0x6f, 0x25, 0x3e, 0x3e, 0x9e, 0xac, 0xac, 0x2c, 0xf6, 0xef, 0xdf, 
  0xef, 0xf3, 0xfc, 0x15, 0x15, 0x15, 0x64, 0x65, 0x65, 0x61, 0xb7, 0xdb, 0x59, 0xb4, 0x68, 0x11, 
  0x59, 0x59, 0x59, 0x41, 0xf2, 0xb6, 0x01, 0x41, 0x02, 0xb7, 0x01, 0xaa, 0xaa, 0x52, 0x59, 0x59, 
  0x49, 0x5d, 0x5d, 0x9d, 0x2e, 0x8d, 0x5a, 0xf2, 0x9c, 0x5e, 0x77, 0xdd, 0x75, 0x3c, 0xf9, 0xe4, 
  0x93, 0x54, 0x57, 0x57, 0x33, 0x6f, 0xde, 0x3c, 0x8e, 0x1f, 0x3f, 0xee, 0xf5, 0x9c, 0x5a, 0xbf, 
  0xae, 0x77, 0xde, 0x79, 0x87, 0xc7, 0x1e, 0x7b, 0x8c, 0xca, 0xca, 0x4a, 0xf6, 0xed, 0xdb, 0xa7, 
  0x77, 0x62, 0xf4, 0xec, 0xa8, 0xd9, 0x9e, 0xf0, 0x24, 0xa5, 0x26, 0x61, 0x8d, 0x46, 0x23, 0x46, 
  0xa3, 0x11, 0x83, 0xc1, 0xc0, 0xfd, 0xf7, 0xdf, 0xcf, 0xeb, 0xaf, 0xbf, 0x4e, 0x4c, 0x4c, 0x0c, 
  0xdb, 0xb6, 0x6d, 0x6b, 0x31, 0x05, 0xb2, 0xa4, 0xa4, 0x84, 0xde, 0xbd, 0x7b, 0x33, 0x7e, 0xfc, 
  0x78, 0x7a, 0xf5, 0xea, 0xc5, 0xca, 0x95, 0x2b, 0x5b, 0x0d, 0x57, 0x9d, 0x3c, 0x79, 0x92, 0xef, 
  0xbe, 0xfb, 0x8e, 0xec, 0xec, 0xec, 0x20, 0x79, 0xdb, 0x88, 0x4b, 0xaa, 0xa0, 0xff, 0x62, 0x41, 
  0x51, 0x14, 0xec, 0x76, 0xbb, 0x57, 0xc9, 0x26, 0x08, 0x02, 0x61, 0x61, 0x61, 0xcc, 0x99, 0x33, 
  0x87, 0x90, 0x90, 0x10, 0x36, 0x6d, 0xda, 0xc4, 0x86, 0x0d, 0x1b, 0x7c, 0x9e, 0xaf, 0x5f, 0xbf, 
  0x7e, 0x7a, 0xa2, 0x42, 0x6e, 0x6e, 0xae, 0x4e, 0x0e, 0xcd, 0x5e, 0xd6, 0x7a, 0x5a, 0x59, 0xad, 
  0x56, 0xc2, 0xc2, 0xc2, 0x1a, 0x25, 0x9c, 0x68, 0x04, 0x6f, 0xc9, 0xeb, 0xdb, 0x54, 0xc5, 0xd5, 
  0x7e, 0x44, 0x51, 0xd4, 0x6d, 0x57, 0xed, 0xef, 0x66, 0xb3, 0x19, 0xab, 0xd5, 0x4a, 0x48, 0x48, 
  0x88, 0xbe, 0x81, 0x88, 0xa2, 0x88, 0xa2, 0x28, 0xc4, 0xc4, 0xc4, 0x30, 0x79, 0xf2, 0x64, 0x6e, 
  0xb8, 0xe1, 0x06, 0xc2, 0xc2, 0xc2, 0x7c, 0xde, 0xcf, 0xe7, 0x9f, 0x7f, 0x4e, 0x5e, 0x5e, 0x1e, 
  0x63, 0xc7, 0x8e, 0xf5, 0x59, 0x98, 0xef, 0xa9, 0x25, 0xd4, 0xd6, 0xd6, 0xfa, 0x3c, 0x67, 0x10, 
  0xde, 0x11, 0x74, 0x62, 0x5d, 0x00, 0x34, 0xbb, 0x55, 0x73, 0x4a, 0x69, 0x63, 0x4a, 0xa7, 0x4d, 
  0x9b, 0xc6, 0x15, 0x57, 0x5c, 0x41, 0x59, 0x59, 0x19, 0xcb, 0x96, 0x2d, 0xc3, 0xed, 0x76, 0xb7, 
  0x28, 0x45, 0x9d, 0x4e, 0x27, 0x57, 0x5e, 0x79, 0x25, 0x71, 0x71, 0x71, 0x1c, 0x3d, 0x7a, 0x94, 
  0xfd, 0xfb, 0xf7, 0xeb, 0xd5, 0x51, 0x9e, 0xd0, 0x24, 0xf5, 0xab, 0xaf, 0xbe, 0x8a, 0xd1, 0x68, 
  0xe4, 0x8f, 0x7f, 0xfc, 0x23, 0xfb, 0xf7, 0xef, 0x47, 0x10, 0x84, 0x46, 0x76, 0xb3, 0xf6, 0xa7, 
  0xd1, 0x68, 0x24, 0x26, 0x26, 0x06, 0x51, 0x14, 0x29, 0x2a, 0x2a, 0xc2, 0x66, 0xb3, 0x35, 0x22, 
  0xb9, 0x56, 0x45, 0x35, 0x61, 0xc2, 0x04, 0x2e, 0xbf, 0xfc, 0x72, 0x32, 0x33, 0x33, 0x59, 0xb1, 
  0x62, 0x85, 0x57, 0x09, 0x28, 0x08, 0x02, 0x9b, 0x36, 0x6d, 0xa2, 0xaa, 0xaa, 0x8a, 0xa4, 0xa4, 
  0x24, 0x06, 0x0d, 0x1a, 0xc4, 0xde, 0xbd, 0x7b, 0x5b, 0x7c, 0x2e, 0xc7, 0x8e, 0x1d, 0x63, 0xe5, 
  0xca, 0x95, 0x3c, 0xf4, 0xd0, 0x43, 0xdc, 0x7f, 0xff, 0xfd, 0xfc, 0xeb, 0x5f, 0xff, 0x6a, 0xd4, 
  0xa7, 0x4a, 0x6b, 0x42, 0xd0, 0xda, 0xe4, 0x8c, 0x20, 0x5a, 0x47, 0x50, 0x02, 0x5f, 0x20, 0xb4, 
  0x58, 0xa5, 0x36, 0x9e, 0x34, 0x24, 0x24, 0x84, 0x47, 0x1f, 0x7d, 0x14, 0x8b, 0xc5, 0xc2, 0xea, 
  0xd5, 0xab, 0xd9, 0xbd, 0x7b, 0xb7, 0xcf, 0x36, 0x3c, 0xa2, 0x28, 0x32, 0x63, 0xc6, 0x0c, 0x44, 
  0x51, 0x64, 0xfb, 0xf6, 0xed, 0xcd, 0x52, 0x20, 0x3d, 0x61, 0xb5, 0x5a, 0xb9, 0xea, 0xaa, 0xab, 
  0xb8, 0xf7, 0xde, 0x7b, 0x49, 0x4e, 0x4e, 0xd6, 0x7f, 0xaf, 0x49, 0x54, 0xcd, 0xc1, 0x24, 0x8a, 
  0x22, 0x69, 0x69, 0x69, 0x7c, 0xfd, 0xf5, 0xd7, 0x7c, 0xf7, 0xdd, 0x77, 0x5c, 0x71, 0xc5, 0x15, 
  0xba, 0x6a, 0xac, 0x1d, 0xa7, 0xa5, 0x7c, 0x4e, 0x9c, 0x38, 0x91, 0x37, 0xde, 0x78, 0x83, 0xd9, 
  0xb3, 0x67, 0x63, 0x34, 0x1a, 0xbd, 0x4a, 0x71, 0x49, 0x92, 0x38, 0x75, 0xea, 0x14, 0x07, 0x0f, 
  0x1e, 0x24, 0x2a, 0x2a, 0x8a, 0x49, 0x93, 0x26, 0xf9, 0xb4, 0xa9, 0x15, 0x45, 0xe1, 0xf3, 0xcf, 
  0x3f, 0xa7, 0xa4, 0xa4, 0x84, 0xb4, 0xb4, 0x34, 0xa6, 0x4f, 0x9f, 0xae, 0xdf, 0x93, 0xcb, 0xe5, 
  0xc2, 0x66, 0xb3, 0xe1, 0x70, 0x38, 0x82, 0xe4, 0xbd, 0x08, 0x08, 0x12, 0xf8, 0x22, 0x41, 0x53, 
  0x07, 0xed, 0x76, 0x3b, 0x9b, 0x36, 0x6d, 0xe2, 0xc8, 0x91, 0x23, 0x7c, 0xf8, 0xe1, 0x87, 0x3e, 
  0x17, 0xaa, 0xaa, 0xaa, 0xa4, 0xa4, 0xa4, 0x30, 0x7a, 0xf4, 0x68, 0xec, 0x76, 0x3b, 0xab, 0x56, 
  0xad, 0x6a, 0x91, 0x18, 0x8a, 0xa2, 0x10, 0x1d, 0x1d, 0x4d, 0x7c, 0x7c, 0x3c, 0x55, 0x55, 0x55, 
  0x64, 0x64, 0x64, 0xf8, 0xac, 0xe4, 0x31, 0x18, 0x0c, 0xc4, 0xc7, 0xc7, 0xd3, 0xaf, 0x5f, 0xbf, 
  0x16, 0xa7, 0x34, 0x0a, 0x82, 0xc0, 0xd9, 0xb3, 0x67, 0xf5, 0x73, 0x6b, 0x09, 0x18, 0xde, 0xae, 
  0xb3, 0xba, 0xba, 0x9a, 0xad, 0x5b, 0xb7, 0x02, 0x30, 0x75, 0xea, 0x54, 0x4c, 0x26, 0x53, 0x8b, 
  0xcf, 0x42, 0x14, 0x45, 0x8e, 0x1d, 0x3b, 0xc6, 0x3f, 0xfe, 0xf1, 0x0f, 0x64, 0x59, 0xd6, 0x33, 
  0xc0, 0xb4, 0xf4, 0xcd, 0x60, 0x6c, 0xf7, 0xe2, 0x21, 0x48, 0xe0, 0x8b, 0x08, 0x6d, 0xa1, 0xbf, 
  0xfa, 0xea, 0xab, 0xdc, 0x79, 0xe7, 0x9d, 0xec, 0xdb, 0xb7, 0xaf, 0xd5, 0xa2, 0x88, 0xe9, 0xd3, 
  0xa7, 0x13, 0x15, 0x15, 0xc5, 0x99, 0x33, 0x67, 0xd8, 0xb1, 0x63, 0x47, 0x8b, 0xc7, 0x29, 0x8a, 
  0x42, 0x62, 0x62, 0x22, 0x51, 0x51, 0x51, 0x94, 0x97, 0x97, 0x53, 0x58, 0x58, 0xd8, 0x6a, 0xad, 
  0x72, 0x6b, 0x90, 0x65, 0x99, 0xec, 0xec, 0x6c, 0x6a, 0x6a, 0x6a, 0xe8, 0xd1, 0xa3, 0x07, 0x61, 
  0x61, 0x61, 0x2d, 0x6e, 0x36, 0x8a, 0xa2, 0xb0, 0x7e, 0xfd, 0x7a, 0x2a, 0x2b, 0x2b, 0x19, 0x33, 
  0x66, 0x0c, 0x03, 0x06, 0x0c, 0x68, 0x71, 0xb3, 0x51, 0x55, 0x15, 0x97, 0xcb, 0xc5, 0xf2, 0xe5, 
  0xcb, 0x79, 0xfb, 0xed, 0xb7, 0x79, 0xfd, 0xf5, 0xd7, 0xa9, 0xae, 0xae, 0x0e, 0x66, 0x54, 0xb5, 
  0x03, 0x82, 0x36, 0x70, 0x3b, 0xc0, 0x6e, 0xb7, 0xeb, 0xd3, 0xe0, 0x35, 0xfb, 0xb8, 0xa9, 0xc7, 
  0x5a, 0x1b, 0xd8, 0xa5, 0x95, 0xf8, 0xad, 0x5b, 0xb7, 0x8e, 0x8a, 0x8a, 0x0a, 0x9f, 0xea, 0x76, 
  0x72, 0x72, 0xb2, 0xde, 0x37, 0xea, 0x62, 0x74, 0xd4, 0x10, 0x45, 0x91, 0xe2, 0xe2, 0x62, 0xca, 
  0xcb, 0xcb, 0x89, 0x8a, 0x8a, 0x22, 0x36, 0x36, 0x96, 0xd3, 0xa7, 0x4f, 0xb7, 0x48, 0xfe, 0xff, 
  0xdf, 0xde, 0xfd, 0xab, 0x34, 0x12, 0x85, 0x71, 0x18, 0xfe, 0x1d, 0x34, 0x8d, 0x46, 0x41, 0x50, 
  0x41, 0x04, 0x25, 0x85, 0x22, 0x88, 0x78, 0x09, 0xe2, 0x65, 0x58, 0x59, 0x78, 0x7b, 0x7a, 0x03, 
  0x5a, 0x58, 0xa4, 0x56, 0x41, 0x1b, 0x41, 0x14, 0x41, 0x50, 0x89, 0x44, 0x99, 0x98, 0x68, 0x98, 
  0xe3, 0x9c, 0xd9, 0x62, 0x39, 0x43, 0x74, 0x63, 0x96, 0x5d, 0x34, 0x9b, 0x2f, 0xfb, 0x3e, 0xf5, 
  0x14, 0x5a, 0xbc, 0x9c, 0x99, 0x9c, 0x7f, 0x27, 0x27, 0x27, 0xba, 0xbd, 0xbd, 0xd5, 0xca, 0xca, 
  0x8a, 0x36, 0x36, 0x36, 0x74, 0x7e, 0x7e, 0xde, 0xf5, 0xb9, 0x38, 0xb7, 0x7d, 0x7c, 0x7c, 0xfc, 
  0xdf, 0x1d, 0xf3, 0xda, 0x6f, 0x8c, 0xc0, 0xdf, 0xcc, 0x7b, 0x5f, 0xbc, 0x3a, 0x7a, 0xef, 0x8b, 
  0x13, 0x40, 0xf2, 0x3c, 0x57, 0xa5, 0x52, 0xd1, 0xfa, 0xfa, 0xba, 0x92, 0x24, 0xd1, 0xc1, 0xc1, 
  0xc1, 0x6f, 0xa7, 0x8b, 0x96, 0x96, 0x96, 0xe4, 0x9c, 0xd3, 0xd5, 0xd5, 0xd5, 0x97, 0xec, 0x24, 
  0x72, 0xce, 0x29, 0x49, 0x12, 0x3d, 0x3e, 0x3e, 0x6a, 0x7c, 0x7c, 0x5c, 0xf3, 0xf3, 0xf3, 0x9f, 
  0x8e, 0x92, 0xce, 0x39, 0x35, 0x1a, 0x0d, 0x55, 0xab, 0x55, 0x8d, 0x8c, 0x8c, 0x68, 0x73, 0x73, 
  0xb3, 0xeb, 0xb5, 0x27, 0x9d, 0xff, 0xef, 0xdb, 0xdb, 0x1b, 0xf1, 0x7e, 0x33, 0x02, 0xee, 0x83, 
  0x3c, 0xcf, 0x8b, 0x6f, 0xe4, 0xd7, 0xd7, 0x57, 0xa5, 0x69, 0xaa, 0x34, 0x4d, 0xb5, 0xb6, 0xb6, 
  0x56, 0xbc, 0x3e, 0x9f, 0x9d, 0x9d, 0xf5, 0x0c, 0xb8, 0x54, 0x2a, 0x69, 0x79, 0x79, 0x59, 0x92, 
  0x74, 0x71, 0x71, 0xf1, 0x25, 0x61, 0xc4, 0x57, 0xfe, 0x7a, 0xbd, 0x2e, 0xe7, 0x9c, 0x16, 0x16, 
  0x16, 0x7a, 0x8e, 0xea, 0xce, 0x39, 0x1d, 0x1e, 0x1e, 0x2a, 0x4d, 0x53, 0xad, 0xae, 0xae, 0x16, 
  0xcf, 0xc7, 0xa5, 0x8f, 0x2f, 0x2f, 0x2f, 0xc5, 0x91, 0xbb, 0xfc, 0x40, 0xd5, 0x1f, 0xbc, 0x42, 
  0xf7, 0x59, 0x08, 0xa1, 0x38, 0x85, 0x62, 0x6f, 0x6f, 0x4f, 0x49, 0x92, 0xa8, 0x5c, 0x2e, 0x17, 
  0xc7, 0xbc, 0x7e, 0xf6, 0xfa, 0x3a, 0x31, 0x31, 0xa1, 0xb9, 0xb9, 0x39, 0xe5, 0x79, 0xfe, 0xe9, 
  0xa2, 0x90, 0x3f, 0x15, 0x2f, 0x41, 0xbf, 0xb9, 0xb9, 0x91, 0x24, 0x55, 0x2a, 0x95, 0x9e, 0xcf, 
  0x8f, 0x8e, 0x8e, 0xea, 0xf4, 0xf4, 0x54, 0xfb, 0xfb, 0xfb, 0xaa, 0xd5, 0x6a, 0x6a, 0xb7, 0xdb, 
  0x6a, 0xb5, 0x5a, 0x03, 0x7f, 0xed, 0xcc, 0x30, 0x23, 0xe0, 0x7f, 0xe8, 0xe9, 0xe9, 0x49, 0xbb, 
  0xbb, 0xbb, 0x92, 0xf4, 0x6e, 0x41, 0xc5, 0xc7, 0x7d, 0xc8, 0xce, 0x39, 0xcd, 0xce, 0xce, 0x6a, 
  0x72, 0x72, 0x52, 0xed, 0x76, 0xbb, 0xeb, 0x11, 0xab, 0x7f, 0x2b, 0x84, 0xa0, 0xcb, 0xcb, 0x4b, 
  0x85, 0x10, 0xb4, 0xb8, 0xb8, 0xd8, 0x75, 0xf3, 0x41, 0x0c, 0x34, 0x84, 0xa0, 0xeb, 0xeb, 0x6b, 
  0x6d, 0x6f, 0x6f, 0xeb, 0xf9, 0xf9, 0x99, 0x5f, 0x93, 0x07, 0x00, 0x01, 0xff, 0x63, 0x71, 0xe4, 
  0xca, 0xb2, 0x4c, 0x59, 0x96, 0xc9, 0x7b, 0xff, 0x6e, 0xd3, 0x40, 0x0c, 0x7b, 0x6c, 0x6c, 0x4c, 
  0xf5, 0x7a, 0x5d, 0xcd, 0x66, 0x53, 0xf7, 0xf7, 0xf7, 0x5f, 0xb6, 0xbc, 0x32, 0x4e, 0x25, 0x79, 
  0xef, 0x35, 0x33, 0x33, 0xa3, 0x72, 0xb9, 0xac, 0x66, 0xb3, 0x59, 0xfc, 0x4d, 0x71, 0x4b, 0x65, 
  0xe7, 0x0d, 0x8d, 0xde, 0x7b, 0x46, 0xdc, 0x01, 0x41, 0xc0, 0x03, 0x28, 0x7e, 0x57, 0x76, 0x5e, 
  0x97, 0x72, 0x74, 0x74, 0xa4, 0xad, 0xad, 0x2d, 0x4d, 0x4f, 0x4f, 0xab, 0x56, 0xab, 0x29, 0xcb, 
  0xb2, 0x5f, 0x56, 0x56, 0x45, 0xf1, 0xf6, 0xbe, 0xbb, 0xbb, 0x3b, 0xb5, 0x5a, 0xad, 0x77, 0xfb, 
  0x72, 0x3f, 0xae, 0xd8, 0x0a, 0x21, 0xa8, 0x5a, 0xad, 0x6a, 0x67, 0x67, 0x47, 0x0f, 0x0f, 0x0f, 
  0x6a, 0x34, 0x1a, 0xc5, 0xdc, 0x75, 0xaf, 0xf9, 0x6b, 0x0c, 0x06, 0xb6, 0x13, 0x0e, 0x81, 0xce, 
  0x35, 0xce, 0x31, 0xe4, 0x52, 0xa9, 0xa4, 0xa9, 0xa9, 0x29, 0x49, 0x3f, 0x77, 0xfc, 0x7c, 0x8c, 
  0x98, 0xef, 0xd6, 0xe1, 0x40, 0xc0, 0x43, 0xac, 0xf3, 0xca, 0x18, 0x0c, 0x27, 0x02, 0x06, 0x0c, 
  0x63, 0x1e, 0x18, 0x30, 0x8c, 0x80, 0x01, 0xc3, 0x08, 0x18, 0x30, 0x8c, 0x80, 0x01, 0xc3, 0x08, 
  0x18, 0x30, 0x8c, 0x80, 0x01, 0xc3, 0x08, 0x18, 0x30, 0x8c, 0x80, 0x01, 0xc3, 0x08, 0x18, 0x30, 
  0x8c, 0x80, 0x01, 0xc3, 0x08, 0x18, 0x30, 0x8c, 0x80, 0x01, 0xc3, 0x08, 0x18, 0x30, 0x8c, 0x80, 
  0x01, 0xc3, 0x08, 0x18, 0x30, 0x8c, 0x80, 0x01, 0xc3, 0x08, 0x18, 0x30, 0x8c, 0x80, 0x01, 0xc3, 
  0x08, 0x18, 0x30, 0x8c, 0x80, 0x01, 0xc3, 0x08, 0x18, 0x30, 0x8c, 0x80, 0x01, 0xc3, 0x08, 0x18, 
  0x30, 0x8c, 0x80, 0x01, 0xc3, 0x08, 0x18, 0x30, 0x8c, 0x80, 0x01, 0xc3, 0x08, 0x18, 0x30, 0x8c, 
  0x80, 0x01, 0xc3, 0x08, 0x18, 0x30, 0x8c, 0x80, 0x01, 0xc3, 0x08, 0x18, 0x30, 0x8c, 0x80, 0x01, 
  0xc3, 0x08, 0x18, 0x30, 0x8c, 0x80, 0x01, 0xc3, 0x08, 0x18, 0x30, 0x8c, 0x80, 0x01, 0xc3, 0x08, 
  0x18, 0x30, 0x8c, 0x80, 0x01, 0xc3, 0x08, 0x18, 0x30, 0x8c, 0x80, 0x01, 0xc3, 0x08, 0x18, 0x30, 
  0x8c, 0x80, 0x01, 0xc3, 0x08, 0x18, 0x30, 0x8c, 0x80, 0x01, 0xc3, 0x08, 0x18, 0x30, 0x8c, 0x80, 
  0x01, 0xc3, 0x08, 0x18, 0x30, 0x8c, 0x80, 0x01, 0xc3, 0x08, 0x18, 0x30, 0x8c, 0x80, 0x01, 0xc3, 
  0x08, 0x18, 0x30, 0x8c, 0x80, 0x01, 0xc3, 0x08, 0x18, 0x30, 0xec, 0x07, 0x4b, 0x87, 0x6e, 0x1c, 
  0x7f, 0xf8, 0x25, 0x96, 0x00, 0x00, 0x00, 0x00, 0x49, 0x45, 0x4e, 0x44, 0xae, 0x42, 0x60, 0x82
};